Priority_Rank,Churn_Prob,Contract,CLTV,Monthly_Charge,Discount_Rate,Monthly_Discount,Annual_Offer_Cost,Expected_Loss,Net_ROI
1,0.98,Month-to-Month,5948,78.52,0.15,11.777999999999999,141.33599999999998,5829.04,5687.704
2,0.97,Month-to-Month,5980,77.688,0.15,11.6532,139.8384,5800.599999999999,5660.7616
3,0.92,Month-to-Month,6259,99.06,0.1,9.906,118.87200000000001,5758.280000000001,5639.408
4,0.97,Month-to-Month,5913,99.996,0.15,14.999399999999998,179.9928,5735.61,5555.6172
5,0.96,Month-to-Month,5962,99.268,0.15,14.8902,178.6824,5723.5199999999995,5544.8376
6,0.96,Month-to-Month,5948,72.332,0.15,10.849799999999998,130.19759999999997,5710.08,5579.8824
7,0.98,Month-to-Month,5795,71.864,0.15,10.7796,129.3552,5679.099999999999,5549.7447999999995
8,0.94,Month-to-Month,5973,47.632,0.1,4.7632,57.1584,5614.62,5557.4616
9,0.96,Month-to-Month,5834,87.568,0.15,13.1352,157.6224,5600.639999999999,5443.017599999999
10,0.94,Month-to-Month,5900,46.748,0.1,4.6748,56.0976,5546.0,5489.9024
11,0.93,Month-to-Month,5960,109.2,0.1,10.920000000000002,131.04000000000002,5542.8,5411.76
12,0.93,Month-to-Month,5951,93.496,0.1,9.3496,112.1952,5534.43,5422.2348
13,0.94,Month-to-Month,5874,89.908,0.1,8.9908,107.8896,5521.5599999999995,5413.670399999999
14,1.0,Month-to-Month,5518,78.468,0.15,11.7702,141.2424,5518.0,5376.7576
15,0.94,Month-to-Month,5855,57.252,0.1,5.725200000000001,68.70240000000001,5503.7,5434.9976
16,0.93,Month-to-Month,5904,100.048,0.1,10.004800000000001,120.05760000000001,5490.72,5370.6624
17,0.94,Month-to-Month,5838,78.52,0.1,7.852,94.224,5487.719999999999,5393.495999999999
18,0.93,Month-to-Month,5900,77.636,0.1,7.7636,93.1632,5487.0,5393.8368
19,0.94,Month-to-Month,5828,46.956,0.1,4.695600000000001,56.34720000000001,5478.32,5421.9728
20,0.92,Month-to-Month,5948,92.508,0.1,9.2508,111.0096,5472.16,5361.1503999999995
21,0.98,Month-to-Month,5571,78.78,0.15,11.817,141.804,5459.58,5317.776
22,0.94,Month-to-Month,5795,98.904,0.1,9.8904,118.6848,5447.299999999999,5328.615199999999
23,0.85,One Year,6405,105.56,0.05,5.2780000000000005,63.336000000000006,5444.25,5380.914
24,0.98,Month-to-Month,5546,105.404,0.15,15.810599999999999,189.72719999999998,5435.08,5245.3528
25,0.92,Month-to-Month,5906,104.624,0.1,10.4624,125.5488,5433.52,5307.971200000001
26,0.93,Month-to-Month,5839,77.376,0.1,7.7376000000000005,92.8512,5430.27,5337.4188
27,0.91,Month-to-Month,5949,82.056,0.1,8.2056,98.4672,5413.59,5315.1228
28,0.97,Month-to-Month,5578,77.74,0.15,11.661,139.932,5410.66,5270.728
29,0.85,Month-to-Month,6363,93.548,0.05,4.6774000000000004,56.128800000000005,5408.55,5352.4212
30,0.93,Month-to-Month,5808,92.768,0.1,9.2768,111.32159999999999,5401.4400000000005,5290.1184
31,0.92,Month-to-Month,5861,98.904,0.1,9.8904,118.6848,5392.12,5273.4352
32,0.93,Month-to-Month,5797,104.26,0.1,10.426000000000002,125.11200000000002,5391.21,5266.098
33,0.95,Month-to-Month,5671,93.34,0.1,9.334000000000001,112.00800000000001,5387.45,5275.442
34,0.94,Month-to-Month,5727,91.884,0.1,9.1884,110.26079999999999,5383.38,5273.1192
35,0.97,Month-to-Month,5546,109.72,0.15,16.458,197.49599999999998,5379.62,5182.124
36,0.97,Month-to-Month,5536,97.292,0.15,14.5938,175.1256,5369.92,5194.7944
37,0.9,Month-to-Month,5963,73.112,0.1,7.3111999999999995,87.7344,5366.7,5278.9655999999995
38,0.92,Month-to-Month,5831,88.556,0.1,8.8556,106.2672,5364.52,5258.2528
39,0.9,One Year,5958,93.704,0.1,9.3704,112.4448,5362.2,5249.7552
40,0.95,Month-to-Month,5644,71.708,0.1,7.1708,86.0496,5361.8,5275.7504
41,0.93,Month-to-Month,5764,98.176,0.1,9.8176,117.81120000000001,5360.52,5242.7088
42,0.94,Month-to-Month,5702,30.836,0.1,3.0836,37.0032,5359.88,5322.8768
43,0.95,Month-to-Month,5630,77.012,0.1,7.7012,92.4144,5348.5,5256.0856
44,0.93,Month-to-Month,5746,73.892,0.1,7.3892,88.6704,5343.780000000001,5255.109600000001
45,0.95,Month-to-Month,5622,85.228,0.1,8.5228,102.2736,5340.9,5238.626399999999
46,0.92,Month-to-Month,5800,92.872,0.1,9.2872,111.44640000000001,5336.0,5224.5536
47,0.94,Month-to-Month,5676,98.332,0.1,9.8332,117.9984,5335.44,5217.441599999999
48,0.95,Month-to-Month,5613,79.404,0.1,7.9404,95.2848,5332.349999999999,5237.065199999999
49,0.95,Month-to-Month,5605,46.332,0.1,4.6332,55.598400000000005,5324.75,5269.1516
50,0.9,Month-to-Month,5915,83.564,0.1,8.356399999999999,100.27679999999998,5323.5,5223.2232
51,0.93,Month-to-Month,5721,87.724,0.1,8.772400000000001,105.26880000000001,5320.530000000001,5215.261200000001
52,0.95,Month-to-Month,5598,51.116,0.1,5.1116,61.339200000000005,5318.099999999999,5256.760799999999
53,0.95,Month-to-Month,5593,82.732,0.1,8.273200000000001,99.2784,5313.349999999999,5214.071599999999
54,0.89,One Year,5965,110.5,0.1,11.05,132.60000000000002,5308.85,5176.25
55,0.9,Month-to-Month,5897,77.948,0.1,7.7947999999999995,93.5376,5307.3,5213.7624000000005
56,0.91,Month-to-Month,5825,38.324,0.1,3.8324,45.9888,5300.75,5254.7612
57,0.96,Month-to-Month,5515,68.9,0.15,10.335,124.02000000000001,5294.4,5170.379999999999
58,0.97,Month-to-Month,5443,76.596,0.15,11.4894,137.87279999999998,5279.71,5141.8372
59,0.9,Month-to-Month,5865,25.948,0.1,2.5948,31.137600000000003,5278.5,5247.3624
60,0.9,Month-to-Month,5860,108.004,0.1,10.800400000000002,129.6048,5274.0,5144.3952
61,0.9,Month-to-Month,5858,51.324,0.1,5.1324000000000005,61.588800000000006,5272.2,5210.611199999999
62,0.92,Month-to-Month,5730,74.204,0.1,7.4204,89.0448,5271.6,5182.555200000001
63,0.93,Month-to-Month,5668,75.088,0.1,7.5088,90.1056,5271.240000000001,5181.134400000001
64,0.93,Month-to-Month,5657,77.064,0.1,7.7063999999999995,92.4768,5261.01,5168.5332
65,0.94,Month-to-Month,5587,90.584,0.1,9.0584,108.70080000000002,5251.78,5143.0792
66,0.91,Month-to-Month,5764,88.244,0.1,8.8244,105.89280000000001,5245.24,5139.3472
67,0.9,Month-to-Month,5828,41.808,0.1,4.1808000000000005,50.1696,5245.2,5195.0304
68,0.98,Month-to-Month,5351,104.988,0.15,15.748199999999999,188.9784,5243.98,5055.0016
69,0.9,Month-to-Month,5824,44.98,0.1,4.498,53.976,5241.6,5187.624000000001
70,0.88,Month-to-Month,5955,45.864,0.1,4.5864,55.0368,5240.4,5185.3632
71,0.9,Month-to-Month,5822,20.95,0.1,2.095,25.14,5239.8,5214.66
72,0.94,Month-to-Month,5574,84.968,0.1,8.4968,101.9616,5239.5599999999995,5137.5984
73,0.95,Month-to-Month,5512,88.972,0.1,8.8972,106.7664,5236.4,5129.633599999999
74,0.86,Month-to-Month,6088,103.792,0.1,10.3792,124.55040000000001,5235.68,5111.1296
75,0.97,Month-to-Month,5394,94.12,0.15,14.118,169.416,5232.18,5062.764
76,0.88,Month-to-Month,5944,79.56,0.1,7.956,95.47200000000001,5230.72,5135.2480000000005
77,0.91,Month-to-Month,5748,80.6,0.1,8.06,96.72,5230.68,5133.96
78,0.91,Month-to-Month,5745,87.776,0.1,8.7776,105.3312,5227.95,5122.6188
79,0.96,Month-to-Month,5444,102.492,0.15,15.3738,184.48559999999998,5226.24,5041.7544
80,0.81,One Year,6452,87.724,0.05,4.3862000000000005,52.63440000000001,5226.12,5173.4856
81,0.97,Month-to-Month,5378,77.844,0.15,11.676599999999999,140.11919999999998,5216.66,5076.5408
82,0.93,Month-to-Month,5606,99.944,0.1,9.9944,119.93280000000001,5213.58,5093.6472
83,0.97,Month-to-Month,5374,83.668,0.15,12.5502,150.6024,5212.78,5062.1776
84,0.98,Month-to-Month,5301,82.004,0.15,12.300600000000001,147.6072,5194.98,5047.372799999999
85,0.97,Month-to-Month,5353,99.164,0.15,14.8746,178.49519999999998,5192.41,5013.9148
86,0.95,Month-to-Month,5463,93.548,0.1,9.354800000000001,112.25760000000001,5189.849999999999,5077.5923999999995
87,0.92,Month-to-Month,5641,98.488,0.1,9.8488,118.18560000000001,5189.72,5071.5344000000005
88,0.87,Month-to-Month,5963,108.212,0.1,10.821200000000001,129.8544,5187.81,5057.9556
89,0.95,Month-to-Month,5458,97.968,0.1,9.796800000000001,117.56160000000001,5185.099999999999,5067.5383999999995
90,0.89,Month-to-Month,5824,73.944,0.1,7.394400000000001,88.73280000000001,5183.36,5094.6272
91,0.93,Month-to-Month,5565,87.152,0.1,8.715200000000001,104.5824,5175.45,5070.8676
92,0.91,Month-to-Month,5687,73.216,0.1,7.3216,87.8592,5175.17,5087.3108
93,0.89,Month-to-Month,5801,87.828,0.1,8.7828,105.39359999999999,5162.89,5057.4964
94,0.92,Month-to-Month,5598,103.948,0.1,10.3948,124.7376,5150.16,5025.4223999999995
95,0.87,Month-to-Month,5919,77.896,0.1,7.7896,93.4752,5149.53,5056.0548
96,0.91,Month-to-Month,5655,45.916,0.1,4.5916,55.099199999999996,5146.05,5090.9508000000005
97,0.91,Month-to-Month,5654,62.504,0.1,6.2504,75.0048,5145.14,5070.135200000001
98,0.91,Month-to-Month,5654,93.86,0.1,9.386000000000001,112.632,5145.14,5032.508000000001
99,0.96,Month-to-Month,5359,89.44,0.15,13.415999999999999,160.992,5144.639999999999,4983.647999999999
100,0.93,Month-to-Month,5527,58.032,0.1,5.8032,69.6384,5140.110000000001,5070.471600000001
101,0.86,Month-to-Month,5974,83.564,0.1,8.356399999999999,100.27679999999998,5137.64,5037.363200000001
102,0.86,Month-to-Month,5973,79.248,0.1,7.924800000000001,95.09760000000001,5136.78,5041.6824
103,0.96,Month-to-Month,5347,94.744,0.15,14.211599999999999,170.5392,5133.12,4962.5808
104,0.9,Month-to-Month,5701,98.644,0.1,9.864400000000002,118.37280000000001,5130.900000000001,5012.5272
105,0.91,Month-to-Month,5638,76.7,0.1,7.670000000000001,92.04,5130.58,5038.54
106,0.86,Month-to-Month,5964,84.084,0.1,8.4084,100.9008,5129.04,5028.1392
107,0.95,Month-to-Month,5390,73.788,0.1,7.3788,88.54560000000001,5120.5,5031.9544
108,0.98,Month-to-Month,5224,104.572,0.15,15.6858,188.2296,5119.5199999999995,4931.2904
109,0.9,Month-to-Month,5684,82.68,0.1,8.268,99.21600000000001,5115.6,5016.384
110,0.9,Month-to-Month,5683,91.728,0.1,9.1728,110.0736,5114.7,5004.6264
111,0.95,Month-to-Month,5383,100.36,0.1,10.036000000000001,120.43200000000002,5113.849999999999,4993.418
112,0.88,Month-to-Month,5811,98.488,0.1,9.8488,118.18560000000001,5113.68,4995.4944000000005
113,0.92,Month-to-Month,5552,87.412,0.1,8.741200000000001,104.89440000000002,5107.84,5002.9456
114,0.9,Month-to-Month,5674,74.516,0.1,7.451600000000001,89.41920000000002,5106.6,5017.1808
115,0.87,Month-to-Month,5869,87.308,0.1,8.7308,104.7696,5106.03,5001.2604
116,0.9,Month-to-Month,5672,71.76,0.1,7.176000000000001,86.11200000000001,5104.8,5018.688
117,0.9,Month-to-Month,5671,71.76,0.1,7.176000000000001,86.11200000000001,5103.900000000001,5017.7880000000005
118,0.87,Month-to-Month,5861,77.584,0.1,7.758400000000001,93.1008,5099.07,5005.9692
119,0.9,Month-to-Month,5662,95.784,0.1,9.5784,114.9408,5095.8,4980.8592
120,0.96,Month-to-Month,5299,97.968,0.15,14.6952,176.3424,5087.04,4910.6975999999995
121,0.9,Month-to-Month,5651,94.484,0.1,9.4484,113.3808,5085.900000000001,4972.519200000001
122,0.85,Month-to-Month,5980,98.8,0.05,4.94,59.28,5083.0,5023.72
123,0.92,Month-to-Month,5514,78.104,0.1,7.8104000000000005,93.7248,5072.88,4979.1552
124,0.96,Month-to-Month,5284,78.364,0.15,11.7546,141.0552,5072.639999999999,4931.5848
125,0.97,Month-to-Month,5225,71.708,0.15,10.7562,129.0744,5068.25,4939.1756
126,0.91,Month-to-Month,5569,97.76,0.1,9.776000000000002,117.31200000000001,5067.79,4950.478
127,0.92,One Year,5504,108.212,0.1,10.821200000000001,129.8544,5063.68,4933.8256
128,0.97,Month-to-Month,5219,94.796,0.15,14.2194,170.6328,5062.43,4891.7972
129,0.88,Month-to-Month,5750,106.08,0.1,10.608,127.296,5060.0,4932.704
130,0.93,Month-to-Month,5438,92.976,0.1,9.297600000000001,111.5712,5057.34,4945.7688
131,0.87,Month-to-Month,5813,91.572,0.1,9.157200000000001,109.88640000000001,5057.31,4947.4236
132,0.92,Month-to-Month,5482,46.384,0.1,4.6384,55.660799999999995,5043.4400000000005,4987.779200000001
133,0.8,One Year,6304,88.972,0.05,4.4486,53.3832,5043.200000000001,4989.8168000000005
134,0.88,Month-to-Month,5730,62.816,0.1,6.281600000000001,75.37920000000001,5042.4,4967.020799999999
135,0.95,Month-to-Month,5303,37.908,0.1,3.7908000000000004,45.4896,5037.849999999999,4992.3604
136,0.88,Month-to-Month,5720,109.72,0.1,10.972000000000001,131.66400000000002,5033.6,4901.936000000001
137,0.98,Month-to-Month,5136,88.14,0.15,13.221,158.652,5033.28,4874.628
138,0.91,Month-to-Month,5527,115.544,0.1,11.554400000000001,138.6528,5029.570000000001,4890.917200000001
139,0.87,Month-to-Month,5775,51.22,0.1,5.122,61.464,5024.25,4962.786
140,0.92,Month-to-Month,5460,94.38,0.1,9.438,113.256,5023.2,4909.9439999999995
141,0.87,Month-to-Month,5769,88.764,0.1,8.8764,106.5168,5019.03,4912.513199999999
142,0.85,One Year,5898,110.344,0.05,5.5172,66.2064,5013.3,4947.0936
143,0.93,Month-to-Month,5390,97.604,0.1,9.7604,117.12480000000001,5012.7,4895.5752
144,0.85,Month-to-Month,5897,107.848,0.05,5.3924,64.7088,5012.45,4947.7411999999995
145,0.99,Month-to-Month,5056,100.1,0.15,15.014999999999999,180.17999999999998,5005.44,4825.259999999999
146,0.97,Month-to-Month,5159,77.896,0.15,11.6844,140.21280000000002,5004.23,4864.017199999999
147,0.95,Month-to-Month,5264,97.084,0.1,9.708400000000001,116.50080000000001,5000.8,4884.2992
148,0.96,Month-to-Month,5209,51.064,0.15,7.659599999999999,91.9152,5000.639999999999,4908.724799999999
149,0.85,Month-to-Month,5882,77.792,0.05,3.8896,46.675200000000004,4999.7,4953.0248
150,0.89,Month-to-Month,5617,97.292,0.1,9.7292,116.75040000000001,4999.13,4882.3796
151,0.88,Month-to-Month,5679,88.4,0.1,8.840000000000002,106.08000000000001,4997.52,4891.4400000000005
152,0.86,Month-to-Month,5803,114.504,0.1,11.450400000000002,137.40480000000002,4990.58,4853.1752
153,0.87,Month-to-Month,5732,99.424,0.1,9.942400000000001,119.30880000000002,4986.84,4867.5312
154,0.91,Month-to-Month,5475,78.832,0.1,7.8831999999999995,94.5984,4982.25,4887.6516
155,0.86,Two Year,5789,99.06,0.1,9.906,118.87200000000001,4978.54,4859.668
156,0.96,Month-to-Month,5180,104.52,0.15,15.677999999999999,188.136,4972.8,4784.664
157,0.88,Month-to-Month,5643,95.524,0.1,9.5524,114.62880000000001,4965.84,4851.2112
158,0.92,Month-to-Month,5396,81.068,0.1,8.1068,97.2816,4964.320000000001,4867.0384
159,0.88,Month-to-Month,5640,83.148,0.1,8.3148,99.7776,4963.2,4863.4223999999995
160,0.89,Month-to-Month,5570,108.576,0.1,10.8576,130.2912,4957.3,4827.0088000000005
161,0.92,Month-to-Month,5386,26.156,0.1,2.6156,31.3872,4955.12,4923.7328
162,0.84,Month-to-Month,5898,78.26,0.05,3.9130000000000003,46.956,4954.32,4907.364
163,0.99,Month-to-Month,4998,97.604,0.15,14.6406,175.6872,4948.0199999999995,4772.332799999999
164,0.92,Month-to-Month,5377,25.792,0.1,2.5792,30.950400000000002,4946.84,4915.8896
165,0.94,Month-to-Month,5258,72.436,0.1,7.243600000000001,86.92320000000001,4942.5199999999995,4855.596799999999
166,0.91,Month-to-Month,5419,98.072,0.1,9.807200000000002,117.68640000000002,4931.29,4813.6036
167,0.9,Month-to-Month,5474,34.84,0.1,3.4840000000000004,41.80800000000001,4926.6,4884.792
168,0.92,Month-to-Month,5355,52.78,0.1,5.2780000000000005,63.336000000000006,4926.6,4863.264
169,0.97,Month-to-Month,5075,77.324,0.15,11.5986,139.1832,4922.75,4783.5668
170,0.96,Month-to-Month,5124,93.392,0.15,14.008799999999999,168.10559999999998,4919.04,4750.9344
171,0.86,Month-to-Month,5717,19.65,0.1,1.9649999999999999,23.58,4916.62,4893.04
172,0.9,Month-to-Month,5461,52.156,0.1,5.2156,62.5872,4914.900000000001,4852.312800000001
173,0.88,One Year,5585,104.624,0.1,10.4624,125.5488,4914.8,4789.251200000001
174,0.95,Month-to-Month,5172,88.66,0.1,8.866,106.392,4913.4,4807.008
175,0.82,Month-to-Month,5989,97.136,0.05,4.8568,58.2816,4910.98,4852.698399999999
176,0.85,Month-to-Month,5775,96.252,0.05,4.8126,57.7512,4908.75,4850.9988
177,0.85,Month-to-Month,5773,72.956,0.05,3.6478,43.7736,4907.05,4863.2764
178,0.95,Month-to-Month,5165,77.948,0.1,7.7947999999999995,93.5376,4906.75,4813.2124
179,0.97,Month-to-Month,5056,72.644,0.15,10.896600000000001,130.75920000000002,4904.32,4773.560799999999
180,0.88,Month-to-Month,5571,82.732,0.1,8.273200000000001,99.2784,4902.4800000000005,4803.2016
181,0.87,Month-to-Month,5633,77.324,0.1,7.7324,92.78880000000001,4900.71,4807.9212
182,0.85,Month-to-Month,5753,71.24,0.05,3.562,42.744,4890.05,4847.3060000000005
183,0.78,One Year,6268,108.732,0.05,5.4366,65.23920000000001,4889.04,4823.8008
184,0.93,Month-to-Month,5248,88.504,0.1,8.8504,106.2048,4880.64,4774.4352
185,0.96,Month-to-Month,5082,82.836,0.15,12.4254,149.1048,4878.72,4729.6152
186,0.84,Month-to-Month,5796,72.124,0.05,3.6062,43.2744,4868.639999999999,4825.365599999999
187,0.96,Month-to-Month,5071,83.304,0.15,12.4956,149.9472,4868.16,4718.2128
188,0.91,Month-to-Month,5344,64.532,0.1,6.4532,77.4384,4863.04,4785.6016
189,0.84,Month-to-Month,5787,57.564,0.05,2.8782,34.5384,4861.08,4826.5416
190,0.82,Month-to-Month,5927,94.172,0.05,4.7086,56.50319999999999,4860.139999999999,4803.636799999999
191,0.83,Month-to-Month,5853,92.716,0.05,4.6358,55.629599999999996,4857.99,4802.3604
192,0.86,Month-to-Month,5648,108.368,0.1,10.8368,130.04160000000002,4857.28,4727.2384
193,0.82,One Year,5922,72.28,0.05,3.6140000000000003,43.368,4856.04,4812.672
194,0.94,Month-to-Month,5165,73.112,0.1,7.3111999999999995,87.7344,4855.099999999999,4767.365599999999
195,0.83,Month-to-Month,5849,111.02,0.05,5.551,66.612,4854.67,4788.058
196,0.77,Month-to-Month,6284,109.512,0.05,5.4756,65.7072,4838.68,4772.9728000000005
197,0.79,Two Year,6120,112.996,0.05,5.6498,67.7976,4834.8,4767.0024
198,0.85,Month-to-Month,5687,50.492,0.05,2.5246,30.2952,4833.95,4803.6548
199,0.87,Month-to-Month,5556,61.776,0.1,6.177600000000001,74.1312,4833.72,4759.5888
200,0.98,Month-to-Month,4931,88.868,0.15,13.3302,159.9624,4832.38,4672.4176
201,0.99,Month-to-Month,4880,89.128,0.15,13.3692,160.4304,4831.2,4670.7696
202,0.92,Month-to-Month,5247,96.928,0.1,9.6928,116.31360000000001,4827.24,4710.926399999999
203,0.92,Month-to-Month,5245,107.068,0.1,10.706800000000001,128.48160000000001,4825.400000000001,4696.9184000000005
204,0.9,Month-to-Month,5360,48.204,0.1,4.8204,57.844800000000006,4824.0,4766.1552
205,0.83,Month-to-Month,5812,108.004,0.05,5.400200000000001,64.8024,4823.96,4759.1576000000005
206,0.86,Two Year,5602,110.292,0.1,11.029200000000001,132.3504,4817.72,4685.3696
207,0.95,Month-to-Month,5066,72.748,0.1,7.274800000000001,87.29760000000002,4812.7,4725.4024
208,0.87,Month-to-Month,5530,95.524,0.1,9.5524,114.62880000000001,4811.1,4696.4712
209,0.9,Month-to-Month,5335,99.476,0.1,9.947600000000001,119.37120000000002,4801.5,4682.1288
210,0.89,Month-to-Month,5393,77.22,0.1,7.722,92.664,4799.77,4707.106000000001
211,0.97,Month-to-Month,4944,72.852,0.15,10.9278,131.1336,4795.68,4664.5464
212,0.85,Month-to-Month,5641,89.232,0.05,4.4616,53.539199999999994,4794.849999999999,4741.310799999999
213,0.93,Month-to-Month,5154,94.9,0.1,9.49,113.88,4793.22,4679.34
214,0.87,Month-to-Month,5502,88.868,0.1,8.8868,106.64159999999998,4786.74,4680.0984
215,0.97,Month-to-Month,4934,88.712,0.15,13.3068,159.6816,4785.98,4626.2984
216,0.93,Month-to-Month,5145,88.868,0.1,8.8868,106.64159999999998,4784.85,4678.2084
217,0.82,Month-to-Month,5834,56.472,0.05,2.8236000000000003,33.8832,4783.88,4749.9968
218,0.84,Month-to-Month,5692,94.484,0.05,4.7242,56.6904,4781.28,4724.589599999999
219,0.88,Month-to-Month,5433,41.236,0.1,4.1236,49.4832,4781.04,4731.5568
220,0.83,Month-to-Month,5758,58.76,0.05,2.938,35.256,4779.139999999999,4743.883999999999
221,0.89,Month-to-Month,5365,81.068,0.1,8.1068,97.2816,4774.85,4677.5684
222,0.91,Month-to-Month,5247,104.624,0.1,10.4624,125.5488,4774.77,4649.221200000001
223,1.0,Month-to-Month,4773,73.268,0.15,10.9902,131.8824,4773.0,4641.1176
224,0.91,Month-to-Month,5245,87.932,0.1,8.7932,105.51840000000001,4772.95,4667.4316
225,0.86,Month-to-Month,5543,102.752,0.1,10.2752,123.3024,4766.98,4643.6776
226,0.8,One Year,5957,100.412,0.05,5.020600000000001,60.24720000000001,4765.6,4705.352800000001
227,0.9,Month-to-Month,5287,73.996,0.1,7.3995999999999995,88.7952,4758.3,4669.504800000001
228,0.97,Month-to-Month,4902,78.312,0.15,11.746799999999999,140.96159999999998,4754.94,4613.9784
229,0.94,Month-to-Month,5057,72.54,0.1,7.254000000000001,87.04800000000002,4753.58,4666.532
230,0.95,Month-to-Month,5003,77.74,0.1,7.774,93.288,4752.849999999999,4659.562
231,0.85,Month-to-Month,5586,83.876,0.05,4.1938,50.32560000000001,4748.099999999999,4697.774399999999
232,0.93,Month-to-Month,5105,78.78,0.1,7.878,94.536,4747.650000000001,4653.1140000000005
233,0.93,Month-to-Month,5100,95.056,0.1,9.5056,114.06719999999999,4743.0,4628.9328
234,0.83,Month-to-Month,5712,104.728,0.05,5.2364,62.8368,4740.96,4678.1232
235,0.88,Month-to-Month,5386,52.884,0.1,5.2884,63.460800000000006,4739.68,4676.2192000000005
236,0.96,Month-to-Month,4937,97.292,0.15,14.5938,175.1256,4739.5199999999995,4564.394399999999
237,0.79,Month-to-Month,5998,104.26,0.05,5.213000000000001,62.55600000000001,4738.42,4675.8640000000005
238,0.93,Month-to-Month,5095,88.452,0.1,8.8452,106.14240000000001,4738.35,4632.207600000001
239,0.84,Month-to-Month,5640,89.388,0.05,4.4694,53.6328,4737.599999999999,4683.967199999999
240,0.95,Month-to-Month,4981,89.024,0.1,8.9024,106.8288,4731.95,4625.1212
241,0.83,Month-to-Month,5701,84.24,0.05,4.212,50.544,4731.83,4681.286
242,0.97,Month-to-Month,4877,57.2,0.15,8.58,102.96000000000001,4730.69,4627.73
243,0.94,Month-to-Month,5032,83.72,0.1,8.372,100.464,4730.08,4629.616
244,0.84,Month-to-Month,5627,20.35,0.05,1.0175,12.21,4726.679999999999,4714.469999999999
245,0.85,Month-to-Month,5559,102.856,0.05,5.1428,61.7136,4725.15,4663.4364
246,0.82,Month-to-Month,5750,99.58,0.05,4.979,59.748000000000005,4715.0,4655.252
247,0.85,Month-to-Month,5546,93.964,0.05,4.6982,56.3784,4714.099999999999,4657.7216
248,0.95,Month-to-Month,4962,73.112,0.1,7.3111999999999995,87.7344,4713.9,4626.165599999999
249,0.85,Month-to-Month,5533,82.42,0.05,4.121,49.452000000000005,4703.05,4653.598
250,0.84,Month-to-Month,5597,51.116,0.05,2.5558,30.669600000000003,4701.48,4670.810399999999
251,0.94,Month-to-Month,5001,82.264,0.1,8.2264,98.7168,4700.94,4602.223199999999
252,0.88,Month-to-Month,5339,82.264,0.1,8.2264,98.7168,4698.32,4599.6032
253,0.89,Month-to-Month,5274,71.396,0.1,7.139600000000001,85.6752,4693.86,4608.1848
254,0.83,One Year,5650,62.868,0.05,3.1434,37.720800000000004,4689.5,4651.7792
255,0.89,Month-to-Month,5267,98.02,0.1,9.802,117.624,4687.63,4570.006
256,0.84,Month-to-Month,5573,25.428,0.05,1.2714,15.256800000000002,4681.32,4666.0632
257,0.93,Month-to-Month,5026,76.7,0.1,7.670000000000001,92.04,4674.18,4582.14
258,0.79,Month-to-Month,5915,99.424,0.05,4.9712000000000005,59.65440000000001,4672.85,4613.1956
259,0.9,Month-to-Month,5186,91.988,0.1,9.1988,110.38560000000001,4667.400000000001,4557.014400000001
260,0.9,Month-to-Month,5184,102.44,0.1,10.244,122.928,4665.6,4542.6720000000005
261,0.95,Month-to-Month,4910,92.352,0.1,9.2352,110.82240000000002,4664.5,4553.6776
262,0.89,Month-to-Month,5239,82.16,0.1,8.216,98.59199999999998,4662.71,4564.118
263,0.94,Month-to-Month,4954,47.112,0.1,4.711200000000001,56.534400000000005,4656.759999999999,4600.2256
264,0.99,Month-to-Month,4703,94.952,0.15,14.242799999999999,170.91359999999997,4655.97,4485.0564
265,0.96,Month-to-Month,4849,93.08,0.15,13.962,167.54399999999998,4655.04,4487.496
266,0.96,Month-to-Month,4849,45.032,0.15,6.7547999999999995,81.0576,4655.04,4573.9824
267,0.9,Month-to-Month,5166,104.052,0.1,10.4052,124.86240000000001,4649.400000000001,4524.537600000001
268,0.96,Month-to-Month,4843,89.492,0.15,13.4238,161.0856,4649.28,4488.194399999999
269,0.88,Month-to-Month,5283,78.208,0.1,7.8208,93.84960000000001,4649.04,4555.1903999999995
270,0.93,Month-to-Month,4997,82.316,0.1,8.2316,98.7792,4647.21,4548.4308
271,0.83,Month-to-Month,5595,20.05,0.05,1.0025000000000002,12.030000000000001,4643.849999999999,4631.82
272,0.76,One Year,6110,93.34,0.05,4.667000000000001,56.004000000000005,4643.6,4587.5960000000005
273,0.92,Month-to-Month,5047,92.976,0.1,9.297600000000001,111.5712,4643.24,4531.6687999999995
274,0.91,Month-to-Month,5102,56.368,0.1,5.636800000000001,67.64160000000001,4642.82,4575.1784
275,0.8,Month-to-Month,5799,76.492,0.05,3.8246,45.8952,4639.2,4593.3048
276,0.85,Month-to-Month,5456,86.684,0.05,4.3342,52.010400000000004,4637.599999999999,4585.589599999999
277,0.91,Month-to-Month,5094,73.008,0.1,7.3008,87.6096,4635.54,4547.9304
278,0.83,Month-to-Month,5581,99.892,0.05,4.9946,59.9352,4632.23,4572.2948
279,0.79,Month-to-Month,5863,98.852,0.05,4.9426000000000005,59.31120000000001,4631.77,4572.4588
280,0.9,Month-to-Month,5146,89.024,0.1,8.9024,106.8288,4631.400000000001,4524.5712
281,0.84,Month-to-Month,5508,104.468,0.05,5.223400000000001,62.680800000000005,4626.72,4564.0392
282,0.77,Month-to-Month,6006,62.14,0.05,3.107,37.284000000000006,4624.62,4587.336
283,0.91,Month-to-Month,5082,92.716,0.1,9.2716,111.25919999999999,4624.62,4513.3607999999995
284,0.97,Month-to-Month,4766,105.092,0.15,15.7638,189.16559999999998,4623.0199999999995,4433.854399999999
285,0.78,Month-to-Month,5925,57.408,0.05,2.8704,34.4448,4621.5,4587.0552
286,0.85,Month-to-Month,5437,26.104,0.05,1.3052000000000001,15.662400000000002,4621.45,4605.7876
287,0.9,Month-to-Month,5131,32.292,0.1,3.2292000000000005,38.750400000000006,4617.900000000001,4579.149600000001
288,0.77,Month-to-Month,5996,77.272,0.05,3.8636000000000004,46.363200000000006,4616.92,4570.5568
289,0.83,Month-to-Month,5560,58.968,0.05,2.9484000000000004,35.38080000000001,4614.8,4579.4192
290,0.88,Month-to-Month,5236,102.96,0.1,10.296,123.55199999999999,4607.68,4484.128000000001
291,0.81,Month-to-Month,5686,88.088,0.05,4.4044,52.8528,4605.66,4552.8072
292,0.97,Month-to-Month,4747,37.336,0.15,5.6004,67.20479999999999,4604.59,4537.3852
293,0.91,Month-to-Month,5055,83.46,0.1,8.346,100.152,4600.05,4499.898
294,0.94,Month-to-Month,4888,47.788,0.1,4.7787999999999995,57.34559999999999,4594.719999999999,4537.3744
295,0.92,Month-to-Month,4994,105.352,0.1,10.535200000000001,126.42240000000001,4594.4800000000005,4468.0576
296,0.88,One Year,5220,68.016,0.1,6.8016000000000005,81.6192,4593.6,4511.9808
297,0.93,Month-to-Month,4938,79.04,0.1,7.904000000000001,94.84800000000001,4592.34,4497.492
298,0.8,Month-to-Month,5739,74.412,0.05,3.7206000000000006,44.647200000000005,4591.2,4546.5527999999995
299,0.98,Month-to-Month,4684,77.168,0.15,11.5752,138.9024,4590.32,4451.4176
300,0.94,Month-to-Month,4883,52.78,0.1,5.2780000000000005,63.336000000000006,4590.0199999999995,4526.683999999999
301,0.87,Month-to-Month,5274,103.22,0.1,10.322000000000001,123.864,4588.38,4464.5160000000005
302,0.81,Month-to-Month,5656,93.704,0.05,4.6852,56.2224,4581.360000000001,4525.137600000001
303,0.95,Month-to-Month,4819,87.36,0.1,8.736,104.83200000000001,4578.05,4473.218
304,0.87,Month-to-Month,5255,97.864,0.1,9.7864,117.4368,4571.85,4454.4132
305,0.92,Month-to-Month,4969,106.912,0.1,10.691200000000002,128.29440000000002,4571.4800000000005,4443.185600000001
306,0.85,One Year,5374,76.856,0.05,3.8428,46.1136,4567.9,4521.7864
307,0.92,Month-to-Month,4965,78.104,0.1,7.8104000000000005,93.7248,4567.8,4474.0752
308,0.97,Month-to-Month,4708,103.584,0.15,15.5376,186.4512,4566.76,4380.3088
309,0.94,Month-to-Month,4857,89.44,0.1,8.944,107.328,4565.58,4458.2519999999995
310,0.95,Month-to-Month,4803,104.676,0.1,10.467600000000001,125.61120000000001,4562.849999999999,4437.238799999999
311,0.85,Month-to-Month,5367,72.696,0.05,3.6348000000000003,43.6176,4561.95,4518.3324
312,0.78,Month-to-Month,5844,72.436,0.05,3.6218000000000004,43.461600000000004,4558.32,4514.8584
313,0.91,Month-to-Month,5007,99.32,0.1,9.932,119.184,4556.37,4437.186
314,0.89,Month-to-Month,5119,83.72,0.1,8.372,100.464,4555.91,4455.446
315,0.91,Month-to-Month,5005,107.068,0.1,10.706800000000001,128.48160000000001,4554.55,4426.0684
316,0.84,One Year,5422,44.044,0.05,2.2022,26.4264,4554.48,4528.053599999999
317,0.8,Month-to-Month,5692,40.56,0.05,2.028,24.336,4553.6,4529.264
318,0.88,Month-to-Month,5172,46.644,0.1,4.6644,55.97279999999999,4551.36,4495.3872
319,0.97,Month-to-Month,4689,93.184,0.15,13.977599999999999,167.7312,4548.33,4380.5988
320,0.81,Month-to-Month,5612,103.116,0.05,5.1558,61.869600000000005,4545.72,4483.8504
321,0.82,Month-to-Month,5543,97.656,0.05,4.8828000000000005,58.59360000000001,4545.259999999999,4486.666399999999
322,0.92,Month-to-Month,4939,88.192,0.1,8.8192,105.8304,4543.88,4438.0496
323,0.78,One Year,5824,47.06,0.05,2.353,28.236000000000004,4542.72,4514.484
324,0.91,Month-to-Month,4989,51.532,0.1,5.1532,61.8384,4539.99,4478.1516
325,0.82,Month-to-Month,5536,110.188,0.05,5.5094,66.11280000000001,4539.5199999999995,4473.4072
326,0.81,Month-to-Month,5604,98.332,0.05,4.9166,58.9992,4539.240000000001,4480.2408000000005
327,0.8,Month-to-Month,5674,101.764,0.05,5.0882000000000005,61.058400000000006,4539.2,4478.1416
328,0.87,Month-to-Month,5204,90.324,0.1,9.0324,108.3888,4527.48,4419.0912
329,0.87,Month-to-Month,5202,91.884,0.1,9.1884,110.26079999999999,4525.74,4415.4792
330,0.9,Month-to-Month,5028,47.216,0.1,4.7216000000000005,56.659200000000006,4525.2,4468.5408
331,0.88,Month-to-Month,5137,102.44,0.1,10.244,122.928,4520.56,4397.6320000000005
332,0.83,Month-to-Month,5444,47.112,0.05,2.3556000000000004,28.267200000000003,4518.5199999999995,4490.252799999999
333,0.9,Month-to-Month,5020,61.568,0.1,6.1568000000000005,73.8816,4518.0,4444.1184
334,0.8,Month-to-Month,5647,70.98,0.05,3.5490000000000004,42.58800000000001,4517.6,4475.012000000001
335,0.81,Month-to-Month,5571,98.176,0.05,4.9088,58.90560000000001,4512.51,4453.6044
336,0.85,Month-to-Month,5302,83.876,0.05,4.1938,50.32560000000001,4506.7,4456.3744
337,0.9,Month-to-Month,5005,51.532,0.1,5.1532,61.8384,4504.5,4442.6616
338,0.84,Month-to-Month,5362,103.948,0.05,5.1974,62.3688,4504.08,4441.7112
339,0.95,Month-to-Month,4739,73.736,0.1,7.373600000000001,88.48320000000001,4502.05,4413.5668000000005
340,0.85,Month-to-Month,5295,100.516,0.05,5.0258,60.3096,4500.75,4440.4404
341,0.83,Month-to-Month,5421,26.312,0.05,1.3156,15.787200000000002,4499.429999999999,4483.6428
342,0.86,Month-to-Month,5228,90.064,0.1,9.0064,108.07679999999999,4496.08,4388.0032
343,0.78,Month-to-Month,5763,104.104,0.05,5.2052000000000005,62.4624,4495.14,4432.6776
344,0.93,Month-to-Month,4829,31.564,0.1,3.1564,37.8768,4490.97,4453.0932
345,0.95,Month-to-Month,4726,103.792,0.1,10.3792,124.55040000000001,4489.7,4365.1496
346,0.98,Month-to-Month,4580,98.228,0.15,14.734199999999998,176.81039999999996,4488.4,4311.589599999999
347,0.95,Month-to-Month,4722,67.808,0.1,6.780800000000001,81.36960000000002,4485.9,4404.5304
348,0.84,Month-to-Month,5338,51.636,0.05,2.5818000000000003,30.981600000000004,4483.92,4452.9384
349,0.85,Month-to-Month,5273,77.324,0.05,3.8662,46.394400000000005,4482.05,4435.6556
350,0.97,Month-to-Month,4620,72.488,0.15,10.873199999999999,130.4784,4481.4,4350.9216
351,0.8,Month-to-Month,5600,19.8,0.05,0.9900000000000001,11.88,4480.0,4468.12
352,0.87,Month-to-Month,5141,87.88,0.1,8.788,105.456,4472.67,4367.214
353,0.82,Month-to-Month,5450,36.608,0.05,1.8304,21.9648,4469.0,4447.0352
354,0.77,Month-to-Month,5795,76.908,0.05,3.8454,46.144800000000004,4462.150000000001,4416.0052000000005
355,0.79,Month-to-Month,5646,95.16,0.05,4.758,57.096000000000004,4460.34,4403.244000000001
356,0.76,Month-to-Month,5863,113.932,0.05,5.6966,68.3592,4455.88,4387.5208
357,0.77,Two Year,5785,112.268,0.05,5.6134,67.36080000000001,4454.45,4387.089199999999
358,0.92,Month-to-Month,4838,78.052,0.1,7.805200000000001,93.66240000000002,4450.96,4357.2976
359,0.94,Month-to-Month,4734,108.836,0.1,10.883600000000001,130.60320000000002,4449.96,4319.3568
360,0.91,Month-to-Month,4884,78.728,0.1,7.8728,94.4736,4444.4400000000005,4349.9664
361,0.84,Month-to-Month,5286,103.48,0.05,5.174,62.08800000000001,4440.24,4378.152
362,0.78,Month-to-Month,5688,26.208,0.05,1.3104,15.7248,4436.64,4420.9152
363,0.94,Month-to-Month,4718,82.524,0.1,8.2524,99.02879999999999,4434.92,4335.8912
364,0.83,Month-to-Month,5341,72.748,0.05,3.6374000000000004,43.64880000000001,4433.03,4389.3812
365,0.83,Month-to-Month,5338,103.22,0.05,5.1610000000000005,61.932,4430.54,4368.608
366,0.84,Month-to-Month,5269,90.74,0.05,4.537,54.444,4425.96,4371.516
367,0.83,Month-to-Month,5332,99.476,0.05,4.973800000000001,59.68560000000001,4425.5599999999995,4365.8744
368,0.89,Month-to-Month,4972,45.032,0.1,4.5032,54.038399999999996,4425.08,4371.0416
369,0.78,Month-to-Month,5667,72.54,0.05,3.6270000000000007,43.52400000000001,4420.26,4376.736
370,0.92,Month-to-Month,4804,110.656,0.1,11.065600000000002,132.7872,4419.68,4286.8928000000005
371,0.93,Month-to-Month,4747,98.436,0.1,9.843600000000002,118.12320000000003,4414.71,4296.5868
372,0.94,Month-to-Month,4694,26.208,0.1,2.6208,31.4496,4412.36,4380.9104
373,0.92,Month-to-Month,4793,92.664,0.1,9.2664,111.19680000000001,4409.56,4298.363200000001
374,0.79,Month-to-Month,5579,19.5,0.05,0.9750000000000001,11.700000000000001,4407.41,4395.71
375,0.77,Month-to-Month,5723,109.2,0.05,5.460000000000001,65.52000000000001,4406.71,4341.19
376,0.91,Month-to-Month,4842,26.052,0.1,2.6052,31.2624,4406.22,4374.957600000001
377,0.92,Month-to-Month,4786,90.74,0.1,9.074,108.888,4403.12,4294.232
378,0.9,One Year,4886,102.18,0.1,10.218000000000002,122.61600000000001,4397.400000000001,4274.784000000001
379,0.92,Month-to-Month,4779,71.864,0.1,7.186400000000001,86.23680000000002,4396.68,4310.443200000001
380,0.79,Month-to-Month,5561,102.648,0.05,5.1324000000000005,61.588800000000006,4393.1900000000005,4331.6012
381,0.93,Month-to-Month,4716,62.452,0.1,6.2452000000000005,74.9424,4385.88,4310.9376
382,0.96,Month-to-Month,4568,72.02,0.15,10.802999999999999,129.636,4385.28,4255.643999999999
383,0.9,Month-to-Month,4871,88.036,0.1,8.803600000000001,105.64320000000001,4383.900000000001,4278.2568
384,0.91,Month-to-Month,4811,107.588,0.1,10.7588,129.1056,4378.01,4248.9044
385,0.82,Month-to-Month,5337,102.44,0.05,5.122,61.464,4376.34,4314.876
386,0.87,Month-to-Month,5024,35.36,0.1,3.536,42.432,4370.88,4328.448
387,0.84,Month-to-Month,5203,81.692,0.05,4.0846,49.0152,4370.5199999999995,4321.5048
388,0.81,Month-to-Month,5394,20.2,0.05,1.01,12.120000000000001,4369.14,4357.02
389,0.78,One Year,5600,104.156,0.05,5.207800000000001,62.49360000000001,4368.0,4305.5064
390,0.77,Month-to-Month,5671,23.15,0.05,1.1575,13.89,4366.67,4352.78
391,0.99,Month-to-Month,4407,73.58,0.15,11.036999999999999,132.444,4362.93,4230.486
392,0.92,Month-to-Month,4741,72.436,0.1,7.243600000000001,86.92320000000001,4361.72,4274.7968
393,0.99,Month-to-Month,4403,78.364,0.15,11.7546,141.0552,4358.97,4217.9148000000005
394,0.77,Month-to-Month,5659,53.56,0.05,2.6780000000000004,32.136,4357.43,4325.294
395,0.81,One Year,5375,53.872,0.05,2.6936,32.3232,4353.75,4321.4268
396,0.94,One Year,4630,109.2,0.1,10.920000000000002,131.04000000000002,4352.2,4221.16
397,0.94,Month-to-Month,4629,57.928,0.1,5.7928,69.5136,4351.259999999999,4281.746399999999
398,0.95,Month-to-Month,4580,79.716,0.1,7.9716,95.6592,4351.0,4255.3408
399,0.78,Month-to-Month,5578,26.52,0.05,1.326,15.912,4350.84,4334.928
400,0.86,Month-to-Month,5059,93.652,0.1,9.3652,112.38239999999999,4350.74,4238.357599999999
401,0.87,Month-to-Month,5000,108.368,0.1,10.8368,130.04160000000002,4350.0,4219.9583999999995
402,0.8,Month-to-Month,5435,56.004,0.05,2.8002000000000002,33.6024,4348.0,4314.3976
403,0.87,Month-to-Month,4995,87.1,0.1,8.709999999999999,104.51999999999998,4345.65,4241.129999999999
404,0.93,Month-to-Month,4664,104.052,0.1,10.4052,124.86240000000001,4337.52,4212.6576000000005
405,0.93,Month-to-Month,4661,88.608,0.1,8.860800000000001,106.32960000000001,4334.7300000000005,4228.4004
406,0.9,Month-to-Month,4815,83.148,0.1,8.3148,99.7776,4333.5,4233.7224
407,0.76,Month-to-Month,5699,89.908,0.05,4.4954,53.9448,4331.24,4277.2952
408,0.99,Month-to-Month,4371,72.02,0.15,10.802999999999999,129.636,4327.29,4197.6539999999995
409,0.83,Month-to-Month,5212,56.628,0.05,2.8314000000000004,33.976800000000004,4325.96,4291.9832
410,0.86,Month-to-Month,5030,110.396,0.1,11.0396,132.4752,4325.8,4193.3248
411,0.87,Month-to-Month,4971,93.028,0.1,9.302800000000001,111.63360000000002,4324.7699999999995,4213.136399999999
412,0.95,Month-to-Month,4548,72.644,0.1,7.264400000000001,87.17280000000001,4320.599999999999,4233.427199999999
413,0.9,Month-to-Month,4800,42.276,0.1,4.227600000000001,50.73120000000001,4320.0,4269.2688
414,0.88,Month-to-Month,4909,25.428,0.1,2.5428,30.513600000000004,4319.92,4289.4064
415,0.95,Month-to-Month,4546,89.44,0.1,8.944,107.328,4318.7,4211.371999999999
416,0.92,Month-to-Month,4694,105.404,0.1,10.5404,126.4848,4318.4800000000005,4191.9952
417,0.93,Month-to-Month,4639,78.208,0.1,7.8208,93.84960000000001,4314.27,4220.420400000001
418,0.78,One Year,5531,58.188,0.05,2.9094,34.912800000000004,4314.18,4279.2672
419,0.92,Month-to-Month,4689,47.476,0.1,4.7476,56.9712,4313.88,4256.9088
420,0.98,Month-to-Month,4399,52.416,0.15,7.862399999999999,94.34879999999998,4311.0199999999995,4216.6712
421,0.86,Month-to-Month,5011,109.772,0.1,10.977200000000002,131.7264,4309.46,4177.7336
422,0.95,Month-to-Month,4535,52.832,0.1,5.283200000000001,63.39840000000001,4308.25,4244.8516
423,0.86,Month-to-Month,5000,19.6,0.1,1.9600000000000002,23.520000000000003,4300.0,4276.48
424,0.85,Two Year,5055,107.536,0.05,5.3768,64.5216,4296.75,4232.2284
425,0.9,Month-to-Month,4773,45.916,0.1,4.5916,55.099199999999996,4295.7,4240.6008
426,0.76,One Year,5651,51.74,0.05,2.587,31.044000000000004,4294.76,4263.716
427,0.88,Month-to-Month,4880,92.872,0.1,9.2872,111.44640000000001,4294.4,4182.9536
428,0.83,Month-to-Month,5172,82.94,0.05,4.147,49.764,4292.76,4242.996
429,0.8,Month-to-Month,5365,83.512,0.05,4.1756,50.107200000000006,4292.0,4241.8928
430,0.89,Month-to-Month,4811,106.548,0.1,10.654800000000002,127.85760000000002,4281.79,4153.9324
431,0.76,One Year,5633,61.672,0.05,3.0836,37.0032,4281.08,4244.0768
432,0.84,Month-to-Month,5094,55.64,0.05,2.782,33.384,4278.96,4245.576
433,0.94,Month-to-Month,4549,31.668,0.1,3.1668000000000003,38.0016,4276.0599999999995,4238.0584
434,0.9,Month-to-Month,4745,104.52,0.1,10.452,125.424,4270.5,4145.076
435,0.88,Month-to-Month,4852,87.1,0.1,8.709999999999999,104.51999999999998,4269.76,4165.24
436,0.88,Month-to-Month,4851,25.792,0.1,2.5792,30.950400000000002,4268.88,4237.9296
437,0.87,Month-to-Month,4903,46.072,0.1,4.607200000000001,55.28640000000001,4265.61,4210.3236
438,0.82,Two Year,5200,112.372,0.05,5.618600000000001,67.42320000000001,4264.0,4196.5768
439,0.86,Month-to-Month,4958,83.408,0.1,8.3408,100.08959999999999,4263.88,4163.7904
440,0.93,Month-to-Month,4584,88.4,0.1,8.840000000000002,106.08000000000001,4263.12,4157.04
441,0.76,Month-to-Month,5585,51.896,0.05,2.5948,31.137600000000003,4244.6,4213.4624
442,0.93,Month-to-Month,4563,47.788,0.1,4.7787999999999995,57.34559999999999,4243.59,4186.2444000000005
443,0.83,Month-to-Month,5111,52.936,0.05,2.6468000000000003,31.7616,4242.13,4210.3684
444,0.87,Month-to-Month,4876,83.616,0.1,8.361600000000001,100.3392,4242.12,4141.7807999999995
445,0.78,Month-to-Month,5434,41.704,0.05,2.0852,25.022399999999998,4238.52,4213.497600000001
446,0.99,Month-to-Month,4278,85.592,0.15,12.838799999999999,154.0656,4235.22,4081.1544000000004
447,0.95,Month-to-Month,4458,86.164,0.1,8.6164,103.39680000000001,4235.099999999999,4131.703199999999
448,0.93,Month-to-Month,4550,88.556,0.1,8.8556,106.2672,4231.5,4125.2328
449,0.9,Month-to-Month,4692,77.688,0.1,7.768800000000001,93.22560000000001,4222.8,4129.5744
450,0.79,Month-to-Month,5345,73.84,0.05,3.692,44.304,4222.55,4178.246
451,0.8,Month-to-Month,5270,78.832,0.05,3.9415999999999998,47.2992,4216.0,4168.7008
452,0.86,Month-to-Month,4892,99.476,0.1,9.947600000000001,119.37120000000002,4207.12,4087.7488
453,0.86,Month-to-Month,4884,46.904,0.1,4.6904,56.284800000000004,4200.24,4143.955199999999
454,0.86,Month-to-Month,4881,73.788,0.1,7.3788,88.54560000000001,4197.66,4109.1143999999995
455,0.79,Month-to-Month,5313,87.672,0.05,4.3836,52.6032,4197.27,4144.666800000001
456,0.95,Month-to-Month,4417,105.196,0.1,10.5196,126.2352,4196.15,4069.9147999999996
457,0.87,Month-to-Month,4819,98.02,0.1,9.802,117.624,4192.53,4074.906
458,0.85,Month-to-Month,4930,52.728,0.05,2.6364,31.6368,4190.5,4158.8632
459,0.9,Month-to-Month,4655,46.436,0.1,4.6436,55.723200000000006,4189.5,4133.7768
460,0.91,Month-to-Month,4600,78.572,0.1,7.857200000000001,94.28640000000001,4186.0,4091.7136
461,0.93,Month-to-Month,4499,46.904,0.1,4.6904,56.284800000000004,4184.070000000001,4127.7852
462,0.81,One Year,5160,102.544,0.05,5.1272,61.5264,4179.6,4118.073600000001
463,0.89,Month-to-Month,4694,88.764,0.1,8.8764,106.5168,4177.66,4071.1432
464,0.86,One Year,4857,108.264,0.1,10.8264,129.9168,4177.0199999999995,4047.1031999999996
465,0.84,Month-to-Month,4969,77.376,0.05,3.8688000000000002,46.4256,4173.96,4127.5344000000005
466,0.99,Month-to-Month,4214,103.74,0.15,15.560999999999998,186.73199999999997,4171.86,3985.1279999999997
467,0.77,One Year,5411,108.836,0.05,5.441800000000001,65.30160000000001,4166.47,4101.1684000000005
468,0.93,Month-to-Month,4480,105.612,0.1,10.5612,126.7344,4166.400000000001,4039.6656000000007
469,0.95,Month-to-Month,4381,83.408,0.1,8.3408,100.08959999999999,4161.95,4061.8604
470,0.77,Month-to-Month,5392,77.896,0.05,3.8948,46.7376,4151.84,4105.1024
471,0.85,Month-to-Month,4884,46.384,0.05,2.3192,27.830399999999997,4151.4,4123.5696
472,0.96,Month-to-Month,4322,82.784,0.15,12.4176,149.0112,4149.12,4000.1088
473,0.89,Month-to-Month,4661,61.88,0.1,6.188000000000001,74.256,4148.29,4074.034
474,0.79,Month-to-Month,5250,93.756,0.05,4.6878,56.253600000000006,4147.5,4091.2464
475,0.78,Month-to-Month,5292,92.768,0.05,4.6384,55.660799999999995,4127.76,4072.0992
476,0.94,Month-to-Month,4390,105.508,0.1,10.5508,126.6096,4126.599999999999,3999.9903999999997
477,0.92,Month-to-Month,4479,76.856,0.1,7.6856,92.2272,4120.68,4028.4528000000005
478,0.8,Month-to-Month,5150,98.436,0.05,4.921800000000001,59.06160000000001,4120.0,4060.9384
479,0.83,Month-to-Month,4963,118.144,0.05,5.9072000000000005,70.88640000000001,4119.29,4048.4036
480,0.92,Month-to-Month,4476,36.088,0.1,3.6088000000000005,43.305600000000005,4117.92,4074.6144
481,0.81,One Year,5080,97.552,0.05,4.877600000000001,58.53120000000001,4114.8,4056.2688000000003
482,0.89,Month-to-Month,4622,102.7,0.1,10.270000000000001,123.24000000000001,4113.58,3990.34
483,0.77,Month-to-Month,5342,77.272,0.05,3.8636000000000004,46.363200000000006,4113.34,4066.9768000000004
484,0.86,Month-to-Month,4778,52.104,0.1,5.2104,62.5248,4109.08,4046.5552
485,0.88,Month-to-Month,4667,31.72,0.1,3.172,38.064,4106.96,4068.896
486,0.89,Month-to-Month,4611,62.556,0.1,6.2556,75.0672,4103.79,4028.7228
487,0.84,One Year,4870,109.876,0.05,5.4938,65.9256,4090.7999999999997,4024.8743999999997
488,0.91,Month-to-Month,4494,73.216,0.1,7.3216,87.8592,4089.54,4001.6808
489,0.91,Month-to-Month,4490,82.68,0.1,8.268,99.21600000000001,4085.9,3986.684
490,0.91,Month-to-Month,4486,98.904,0.1,9.8904,118.6848,4082.26,3963.5752
491,0.91,Month-to-Month,4486,91.832,0.1,9.1832,110.19839999999999,4082.26,3972.0616
492,0.99,Month-to-Month,4116,75.92,0.15,11.388,136.656,4074.84,3938.184
493,0.79,Month-to-Month,5157,103.012,0.05,5.150600000000001,61.80720000000001,4074.03,4012.2228
494,0.94,Month-to-Month,4333,98.28,0.1,9.828000000000001,117.936,4073.02,3955.084
495,0.8,Month-to-Month,5090,94.432,0.05,4.7216000000000005,56.659200000000006,4072.0,4015.3408
496,0.8,Month-to-Month,5087,25.792,0.05,1.2896,15.475200000000001,4069.6000000000004,4054.1248000000005
497,0.8,Month-to-Month,5086,94.484,0.05,4.7242,56.6904,4068.8,4012.1096000000002
498,0.79,Month-to-Month,5142,82.42,0.05,4.121,49.452000000000005,4062.1800000000003,4012.728
499,0.87,One Year,4669,72.904,0.1,7.2904,87.4848,4062.03,3974.5452
500,0.76,Month-to-Month,5340,107.848,0.05,5.3924,64.7088,4058.4,3993.6912
501,0.94,Month-to-Month,4317,100.672,0.1,10.0672,120.8064,4057.9799999999996,3937.1735999999996
502,0.93,Month-to-Month,4363,82.368,0.1,8.2368,98.8416,4057.59,3958.7484
503,0.85,Month-to-Month,4769,26.104,0.05,1.3052000000000001,15.662400000000002,4053.65,4037.9876
504,0.89,Month-to-Month,4553,77.168,0.1,7.716800000000001,92.60160000000002,4052.17,3959.5684
505,0.83,Month-to-Month,4879,46.228,0.05,2.3114000000000003,27.736800000000002,4049.5699999999997,4021.8331999999996
506,0.91,Month-to-Month,4448,100.412,0.1,10.041200000000002,120.49440000000001,4047.6800000000003,3927.1856000000002
507,0.95,Month-to-Month,4251,77.948,0.1,7.7947999999999995,93.5376,4038.45,3944.9123999999997
508,0.92,Month-to-Month,4389,20.1,0.1,2.0100000000000002,24.120000000000005,4037.88,4013.76
509,0.84,One Year,4800,78.312,0.05,3.9156,46.9872,4032.0,3985.0128
510,0.95,Month-to-Month,4243,82.316,0.1,8.2316,98.7792,4030.85,3932.0708
511,0.94,Month-to-Month,4287,105.3,0.1,10.530000000000001,126.36000000000001,4029.7799999999997,3903.4199999999996
512,0.91,Month-to-Month,4428,80.028,0.1,8.0028,96.0336,4029.48,3933.4464
513,0.85,Month-to-Month,4739,93.6,0.05,4.68,56.16,4028.15,3971.9900000000002
514,0.91,Month-to-Month,4424,84.032,0.1,8.4032,100.83840000000001,4025.84,3925.0016
515,0.99,Month-to-Month,4063,73.424,0.15,11.0136,132.16320000000002,4022.37,3890.2068
516,0.99,Month-to-Month,4062,78.884,0.15,11.8326,141.9912,4021.38,3879.3888
517,0.91,Month-to-Month,4419,79.508,0.1,7.9508,95.4096,4021.29,3925.8804
518,0.8,Month-to-Month,5023,46.748,0.05,2.3374,28.0488,4018.4,3990.3512
519,0.87,Month-to-Month,4618,46.488,0.1,4.6488000000000005,55.7856,4017.66,3961.8743999999997
520,0.88,Month-to-Month,4565,86.944,0.1,8.6944,104.33279999999999,4017.2,3912.8671999999997
521,0.84,Month-to-Month,4780,67.236,0.05,3.3618000000000006,40.34160000000001,4015.2,3974.8583999999996
522,0.8,One Year,5016,100.62,0.05,5.031000000000001,60.37200000000001,4012.8,3952.4280000000003
523,0.84,Month-to-Month,4777,94.068,0.05,4.7034,56.4408,4012.68,3956.2392
524,0.78,Month-to-Month,5144,102.544,0.05,5.1272,61.5264,4012.32,3950.7936
525,0.96,Month-to-Month,4174,78.78,0.15,11.817,141.804,4007.04,3865.236
526,0.89,Month-to-Month,4501,102.44,0.1,10.244,122.928,4005.89,3882.962
527,0.92,Month-to-Month,4345,77.48,0.1,7.748000000000001,92.97600000000001,3997.4,3904.424
528,0.95,Month-to-Month,4207,73.84,0.1,7.384,88.608,3996.6499999999996,3908.0419999999995
529,0.96,Month-to-Month,4160,77.896,0.15,11.6844,140.21280000000002,3993.6,3853.3872
530,0.99,Month-to-Month,4033,98.384,0.15,14.7576,177.09120000000001,3992.67,3815.5788000000002
531,0.84,Month-to-Month,4750,77.22,0.05,3.861,46.332,3990.0,3943.668
532,0.88,Month-to-Month,4533,82.524,0.1,8.2524,99.02879999999999,3989.04,3890.0112
533,0.88,Month-to-Month,4531,47.84,0.1,4.784000000000001,57.40800000000001,3987.28,3929.8720000000003
534,0.81,Month-to-Month,4922,99.008,0.05,4.9504,59.4048,3986.82,3927.4152000000004
535,0.81,Month-to-Month,4917,40.872,0.05,2.0436,24.523200000000003,3982.7700000000004,3958.2468000000003
536,0.89,Month-to-Month,4469,73.216,0.1,7.3216,87.8592,3977.41,3889.5508
537,0.91,Month-to-Month,4369,76.492,0.1,7.6492,91.7904,3975.79,3883.9996
538,0.88,Month-to-Month,4517,24.388,0.1,2.4388000000000005,29.265600000000006,3974.96,3945.6944
539,0.9,Month-to-Month,4415,77.376,0.1,7.7376000000000005,92.8512,3973.5,3880.6488
540,0.96,Month-to-Month,4138,83.512,0.15,12.5268,150.3216,3972.48,3822.1584000000003
541,0.79,Month-to-Month,5026,103.532,0.05,5.1766000000000005,62.119200000000006,3970.54,3908.4208
542,0.89,Month-to-Month,4458,100.568,0.1,10.0568,120.6816,3967.62,3846.9384
543,0.82,One Year,4838,120.172,0.05,6.0086,72.1032,3967.16,3895.0568
544,0.87,Month-to-Month,4559,73.528,0.1,7.352800000000001,88.23360000000001,3966.33,3878.0964
545,0.76,Month-to-Month,5216,82.316,0.05,4.1158,49.3896,3964.16,3914.7704
546,0.85,Month-to-Month,4662,102.648,0.05,5.1324000000000005,61.588800000000006,3962.7,3901.1112
547,0.76,Two Year,5207,77.792,0.05,3.8896,46.675200000000004,3957.32,3910.6448
548,0.85,Month-to-Month,4652,100.36,0.05,5.018000000000001,60.21600000000001,3954.2,3893.984
549,0.78,Month-to-Month,5067,82.992,0.05,4.1496,49.79520000000001,3952.26,3902.4648
550,0.91,Month-to-Month,4340,79.456,0.1,7.945600000000001,95.34720000000002,3949.4,3854.0528
551,0.87,Month-to-Month,4539,87.776,0.1,8.7776,105.3312,3948.93,3843.5987999999998
552,0.92,Month-to-Month,4291,77.428,0.1,7.7428,92.9136,3947.7200000000003,3854.8064000000004
553,0.91,Month-to-Month,4336,51.168,0.1,5.1168000000000005,61.4016,3945.76,3884.3584
554,0.92,Month-to-Month,4287,84.24,0.1,8.424,101.088,3944.04,3842.9519999999998
555,0.78,Month-to-Month,5048,81.588,0.05,4.0794,48.952799999999996,3937.44,3888.4872
556,0.85,Month-to-Month,4630,53.04,0.05,2.652,31.824,3935.5,3903.676
557,0.83,Month-to-Month,4741,81.224,0.05,4.0612,48.73440000000001,3935.0299999999997,3886.2956
558,0.89,Month-to-Month,4417,88.556,0.1,8.8556,106.2672,3931.13,3824.8628
559,0.78,Month-to-Month,5036,82.836,0.05,4.1418,49.7016,3928.08,3878.3784
560,0.86,Month-to-Month,4566,47.06,0.1,4.706,56.47200000000001,3926.7599999999998,3870.2879999999996
561,0.9,Month-to-Month,4359,50.7,0.1,5.07,60.84,3923.1,3862.2599999999998
562,0.98,Month-to-Month,4002,31.616,0.15,4.7424,56.9088,3921.96,3865.0512
563,0.77,Month-to-Month,5091,56.056,0.05,2.8028,33.6336,3920.07,3886.4364
564,0.8,Month-to-Month,4898,104.884,0.05,5.2442,62.930400000000006,3918.4,3855.4696
565,0.94,Month-to-Month,4163,109.512,0.1,10.9512,131.4144,3913.22,3781.8055999999997
566,0.93,Month-to-Month,4206,93.08,0.1,9.308,111.696,3911.5800000000004,3799.8840000000005
567,0.95,Month-to-Month,4113,110.604,0.1,11.060400000000001,132.72480000000002,3907.35,3774.6252
568,0.91,Month-to-Month,4292,72.124,0.1,7.2124,86.5488,3905.7200000000003,3819.1712
569,0.94,Month-to-Month,4154,92.924,0.1,9.2924,111.50880000000001,3904.7599999999998,3793.2511999999997
570,0.9,Month-to-Month,4335,78.104,0.1,7.8104000000000005,93.7248,3901.5,3807.7752
571,0.93,Month-to-Month,4193,97.604,0.1,9.7604,117.12480000000001,3899.4900000000002,3782.3652
572,0.93,Month-to-Month,4192,99.944,0.1,9.9944,119.93280000000001,3898.5600000000004,3778.6272000000004
573,0.91,Month-to-Month,4283,110.188,0.1,11.0188,132.22560000000001,3897.53,3765.3044
574,0.97,Month-to-Month,4017,62.244,0.15,9.336599999999999,112.0392,3896.49,3784.4507999999996
575,0.94,Month-to-Month,4145,46.8,0.1,4.68,56.16,3896.2999999999997,3840.14
576,0.78,Month-to-Month,4995,78.364,0.05,3.9182000000000006,47.01840000000001,3896.1,3849.0816
577,0.98,Month-to-Month,3975,97.968,0.15,14.6952,176.3424,3895.5,3719.1576
578,0.76,Month-to-Month,5124,83.356,0.05,4.1678,50.0136,3894.2400000000002,3844.2264000000005
579,0.98,Month-to-Month,3972,77.74,0.15,11.661,139.932,3892.56,3752.628
580,0.88,Month-to-Month,4418,83.46,0.1,8.346,100.152,3887.84,3787.688
581,0.84,Month-to-Month,4628,26.26,0.05,1.3130000000000002,15.756000000000002,3887.52,3871.764
582,0.92,Month-to-Month,4225,82.368,0.1,8.2368,98.8416,3887.0,3788.1584
583,0.94,Month-to-Month,4133,73.06,0.1,7.306000000000001,87.67200000000001,3885.02,3797.348
584,0.98,Month-to-Month,3964,77.376,0.15,11.6064,139.2768,3884.72,3745.4431999999997
585,0.79,Month-to-Month,4914,58.136,0.05,2.9068000000000005,34.881600000000006,3882.0600000000004,3847.1784000000002
586,0.83,Month-to-Month,4673,78.208,0.05,3.9104,46.924800000000005,3878.5899999999997,3831.6651999999995
587,0.96,Month-to-Month,4038,104.52,0.15,15.677999999999999,188.136,3876.48,3688.344
588,0.85,Month-to-Month,4554,97.24,0.05,4.862,58.344,3870.9,3812.556
589,0.95,Month-to-Month,4074,98.956,0.1,9.895600000000002,118.74720000000002,3870.2999999999997,3751.5527999999995
590,0.85,Month-to-Month,4553,108.212,0.05,5.4106000000000005,64.9272,3870.0499999999997,3805.1227999999996
591,0.76,Month-to-Month,5084,104.312,0.05,5.2156,62.5872,3863.84,3801.2528
592,0.93,Month-to-Month,4154,87.88,0.1,8.788,105.456,3863.2200000000003,3757.764
593,0.82,Month-to-Month,4710,20.05,0.05,1.0025000000000002,12.030000000000001,3862.2,3850.1699999999996
594,0.83,Month-to-Month,4648,44.304,0.05,2.2152000000000003,26.582400000000003,3857.8399999999997,3831.2576
595,0.94,Month-to-Month,4103,98.176,0.1,9.8176,117.81120000000001,3856.8199999999997,3739.0087999999996
596,0.89,Month-to-Month,4330,83.304,0.1,8.330400000000001,99.96480000000001,3853.7000000000003,3753.7352
597,0.94,Month-to-Month,4099,29.588,0.1,2.9588,35.5056,3853.06,3817.5544
598,0.79,Month-to-Month,4873,52.26,0.05,2.613,31.356,3849.67,3818.314
599,0.94,Month-to-Month,4095,26.728,0.1,2.6728000000000005,32.073600000000006,3849.2999999999997,3817.2263999999996
600,0.87,Month-to-Month,4424,105.144,0.1,10.514400000000002,126.17280000000002,3848.88,3722.7072000000003
601,0.93,Month-to-Month,4138,54.288,0.1,5.4288,65.1456,3848.34,3783.1944000000003
602,0.99,Month-to-Month,3887,89.96,0.15,13.493999999999998,161.92799999999997,3848.13,3686.202
603,0.87,One Year,4423,111.852,0.1,11.185200000000002,134.22240000000002,3848.0099999999998,3713.7875999999997
604,0.85,Month-to-Month,4522,69.056,0.05,3.4528,41.4336,3843.7,3802.2664
605,0.92,Month-to-Month,4176,97.76,0.1,9.776000000000002,117.31200000000001,3841.92,3724.608
606,0.8,Month-to-Month,4788,97.552,0.05,4.877600000000001,58.53120000000001,3830.4,3771.8688
607,0.88,Month-to-Month,4352,107.536,0.1,10.7536,129.0432,3829.76,3700.7168
608,0.9,Month-to-Month,4254,91.884,0.1,9.1884,110.26079999999999,3828.6,3718.3392
609,0.91,Month-to-Month,4203,88.192,0.1,8.8192,105.8304,3824.73,3718.8996
610,0.85,Month-to-Month,4498,58.188,0.05,2.9094,34.912800000000004,3823.2999999999997,3788.3871999999997
611,0.98,Month-to-Month,3898,94.172,0.15,14.1258,169.5096,3820.04,3650.5304
612,0.92,Month-to-Month,4152,104.78,0.1,10.478000000000002,125.73600000000002,3819.84,3694.1040000000003
613,0.93,Month-to-Month,4107,93.392,0.1,9.3392,112.0704,3819.51,3707.4396
614,0.85,Month-to-Month,4493,98.748,0.05,4.9374,59.2488,3819.0499999999997,3759.8012
615,0.82,Month-to-Month,4656,56.732,0.05,2.8366000000000002,34.0392,3817.9199999999996,3783.8807999999995
616,0.89,Month-to-Month,4283,108.108,0.1,10.8108,129.7296,3811.87,3682.1403999999998
617,0.9,Month-to-Month,4235,102.596,0.1,10.2596,123.11520000000002,3811.5,3688.3848
618,0.76,Month-to-Month,5014,94.12,0.05,4.706,56.47200000000001,3810.64,3754.1679999999997
619,0.84,Month-to-Month,4534,31.148,0.05,1.5574000000000001,18.6888,3808.56,3789.8712
620,0.93,Month-to-Month,4094,46.852,0.1,4.6852,56.2224,3807.42,3751.1976
621,0.96,Month-to-Month,3963,73.58,0.15,11.036999999999999,132.444,3804.48,3672.036
622,0.82,Month-to-Month,4639,87.88,0.05,4.394,52.728,3803.9799999999996,3751.2519999999995
623,0.84,Month-to-Month,4526,52.364,0.05,2.6182,31.4184,3801.8399999999997,3770.4215999999997
624,0.76,Month-to-Month,4996,93.132,0.05,4.6566,55.8792,3796.96,3741.0808
625,0.89,Month-to-Month,4263,77.376,0.1,7.7376000000000005,92.8512,3794.07,3701.2188
626,0.84,Month-to-Month,4513,82.836,0.05,4.1418,49.7016,3790.92,3741.2184
627,0.84,Month-to-Month,4509,76.44,0.05,3.822,45.864000000000004,3787.56,3741.696
628,0.82,Month-to-Month,4618,52.364,0.05,2.6182,31.4184,3786.7599999999998,3755.3415999999997
629,0.78,Month-to-Month,4846,47.84,0.05,2.3920000000000003,28.704000000000004,3779.88,3751.176
630,0.91,Month-to-Month,4152,19.4,0.1,1.94,23.28,3778.32,3755.04
631,0.85,Month-to-Month,4444,50.492,0.05,2.5246,30.2952,3777.4,3747.1048
632,0.81,Month-to-Month,4662,47.892,0.05,2.3946,28.7352,3776.2200000000003,3747.4848
633,0.91,Month-to-Month,4149,90.636,0.1,9.0636,108.76319999999998,3775.59,3666.8268000000003
634,0.89,Month-to-Month,4242,86.892,0.1,8.6892,104.2704,3775.38,3671.1096000000002
635,0.85,Month-to-Month,4437,88.348,0.05,4.4174,53.008799999999994,3771.45,3718.4411999999998
636,0.93,Month-to-Month,4054,82.108,0.1,8.2108,98.52960000000002,3770.2200000000003,3671.6904000000004
637,0.84,Month-to-Month,4481,104.208,0.05,5.2104,62.5248,3764.04,3701.5152
638,0.87,Month-to-Month,4321,101.244,0.1,10.124400000000001,121.49280000000002,3759.27,3637.7772
639,0.87,Month-to-Month,4319,95.368,0.1,9.5368,114.4416,3757.53,3643.0884
640,0.79,Two Year,4751,100.1,0.05,5.005,60.06,3753.29,3693.23
641,0.99,Month-to-Month,3790,99.684,0.15,14.952599999999999,179.4312,3752.1,3572.6688
642,0.9,Month-to-Month,4167,83.564,0.1,8.356399999999999,100.27679999999998,3750.3,3650.0232
643,0.88,Month-to-Month,4261,88.036,0.1,8.803600000000001,105.64320000000001,3749.68,3644.0368
644,0.95,Month-to-Month,3947,83.356,0.1,8.3356,100.0272,3749.6499999999996,3649.6227999999996
645,0.82,Month-to-Month,4568,47.112,0.05,2.3556000000000004,28.267200000000003,3745.7599999999998,3717.4928
646,0.82,Month-to-Month,4564,37.96,0.05,1.8980000000000001,22.776000000000003,3742.4799999999996,3719.7039999999997
647,0.77,Month-to-Month,4856,47.372,0.05,2.3686000000000003,28.4232,3739.12,3710.6967999999997
648,0.93,Month-to-Month,4017,87.516,0.1,8.751600000000002,105.01920000000001,3735.8100000000004,3630.7908
649,0.86,Month-to-Month,4340,87.88,0.1,8.788,105.456,3732.4,3626.944
650,0.83,Two Year,4495,120.848,0.05,6.042400000000001,72.50880000000001,3730.85,3658.3412
651,0.94,Month-to-Month,3966,109.096,0.1,10.909600000000001,130.91520000000003,3728.04,3597.1248
652,0.88,Month-to-Month,4231,77.116,0.1,7.711600000000001,92.53920000000001,3723.28,3630.7408
653,1.0,Month-to-Month,3723,87.204,0.15,13.080599999999999,156.9672,3723.0,3566.0328
654,0.9,Month-to-Month,4136,107.432,0.1,10.743200000000002,128.91840000000002,3722.4,3593.4816
655,0.82,Month-to-Month,4535,83.044,0.05,4.1522,49.82639999999999,3718.7,3668.8736
656,0.98,Month-to-Month,3794,104.0,0.15,15.6,187.2,3718.12,3530.92
657,0.86,Month-to-Month,4323,19.8,0.1,1.9800000000000002,23.76,3717.7799999999997,3694.0199999999995
658,0.95,Month-to-Month,3913,50.908,0.1,5.090800000000001,61.089600000000004,3717.35,3656.2604
659,0.9,Month-to-Month,4129,99.58,0.1,9.958,119.49600000000001,3716.1,3596.604
660,0.9,Month-to-Month,4126,57.876,0.1,5.7876,69.4512,3713.4,3643.9488
661,0.81,Month-to-Month,4584,92.924,0.05,4.6462,55.754400000000004,3713.0400000000004,3657.2856000000006
662,0.9,Month-to-Month,4120,104.156,0.1,10.415600000000001,124.98720000000002,3708.0,3583.0128
663,0.91,Month-to-Month,4074,92.716,0.1,9.2716,111.25919999999999,3707.34,3596.0808
664,0.78,Month-to-Month,4753,88.868,0.05,4.4434,53.32079999999999,3707.34,3654.0192
665,0.91,Month-to-Month,4073,71.968,0.1,7.1968000000000005,86.36160000000001,3706.4300000000003,3620.0684
666,0.82,Month-to-Month,4519,57.928,0.05,2.8964,34.7568,3705.58,3670.8232
667,0.98,Month-to-Month,3780,90.272,0.15,13.5408,162.4896,3704.4,3541.9104
668,0.94,Month-to-Month,3940,78.832,0.1,7.8831999999999995,94.5984,3703.6,3609.0016
669,0.89,Month-to-Month,4160,105.144,0.1,10.514400000000002,126.17280000000002,3702.4,3576.2272000000003
670,0.77,Month-to-Month,4806,84.396,0.05,4.2198,50.637600000000006,3700.62,3649.9824
671,0.89,Month-to-Month,4157,94.016,0.1,9.4016,112.8192,3699.73,3586.9108
672,0.76,Month-to-Month,4860,19.95,0.05,0.9975,11.97,3693.6,3681.63
673,0.77,Month-to-Month,4795,52.416,0.05,2.6208,31.4496,3692.15,3660.7004
674,0.82,Month-to-Month,4500,20.1,0.05,1.0050000000000001,12.060000000000002,3690.0,3677.94
675,0.98,Month-to-Month,3763,79.508,0.15,11.9262,143.1144,3687.74,3544.6256
676,1.0,Month-to-Month,3685,92.092,0.15,13.813799999999999,165.76559999999998,3685.0,3519.2344
677,0.88,Month-to-Month,4183,82.42,0.1,8.242,98.90400000000001,3681.04,3582.136
678,0.77,One Year,4776,103.896,0.05,5.194800000000001,62.33760000000001,3677.52,3615.1824
679,0.88,Month-to-Month,4179,71.916,0.1,7.1916,86.2992,3677.52,3591.2208
680,0.85,Month-to-Month,4325,20.2,0.05,1.01,12.120000000000001,3676.25,3664.13
681,0.78,Month-to-Month,4713,52.832,0.05,2.6416000000000004,31.699200000000005,3676.1400000000003,3644.4408000000003
682,0.85,Month-to-Month,4324,83.096,0.05,4.154800000000001,49.857600000000005,3675.4,3625.5424000000003
683,0.8,Month-to-Month,4594,92.56,0.05,4.628,55.536,3675.2000000000003,3619.664
684,0.87,Month-to-Month,4223,110.084,0.1,11.008400000000002,132.10080000000002,3674.0099999999998,3541.9091999999996
685,0.81,Month-to-Month,4531,62.4,0.05,3.12,37.44,3670.11,3632.67
686,0.82,Month-to-Month,4471,108.68,0.05,5.434000000000001,65.20800000000001,3666.22,3601.0119999999997
687,0.81,Month-to-Month,4526,78.312,0.05,3.9156,46.9872,3666.0600000000004,3619.0728000000004
688,0.95,Month-to-Month,3856,82.42,0.1,8.242,98.90400000000001,3663.2,3564.296
689,0.83,Month-to-Month,4412,57.304,0.05,2.8652,34.382400000000004,3661.96,3627.5776
690,0.85,Month-to-Month,4304,95.316,0.05,4.7658000000000005,57.189600000000006,3658.4,3601.2104
691,0.77,Month-to-Month,4748,83.096,0.05,4.154800000000001,49.857600000000005,3655.96,3606.1024
692,0.82,One Year,4454,112.788,0.05,5.6394,67.6728,3652.2799999999997,3584.6072
693,0.78,Month-to-Month,4676,78.728,0.05,3.9364,47.2368,3647.28,3600.0432
694,0.77,One Year,4736,107.38,0.05,5.369,64.428,3646.7200000000003,3582.2920000000004
695,0.79,Month-to-Month,4616,77.376,0.05,3.8688000000000002,46.4256,3646.6400000000003,3600.2144000000003
696,0.89,Month-to-Month,4095,97.812,0.1,9.7812,117.37440000000001,3644.55,3527.1756
697,0.87,Month-to-Month,4188,103.116,0.1,10.3116,123.73920000000001,3643.56,3519.8208
698,0.76,Month-to-Month,4785,20.15,0.05,1.0075,12.09,3636.6,3624.5099999999998
699,0.82,One Year,4432,122.512,0.05,6.1256,73.50720000000001,3634.24,3560.7327999999998
700,0.83,Month-to-Month,4378,76.44,0.05,3.822,45.864000000000004,3633.74,3587.8759999999997
701,0.87,Month-to-Month,4176,95.42,0.1,9.542,114.50399999999999,3633.12,3518.616
702,0.85,One Year,4274,112.892,0.05,5.6446000000000005,67.7352,3632.9,3565.1648
703,0.84,Month-to-Month,4324,42.692,0.05,2.1346000000000003,25.6152,3632.16,3606.5447999999997
704,0.93,Month-to-Month,3905,88.608,0.1,8.860800000000001,106.32960000000001,3631.65,3525.3204
705,0.85,Month-to-Month,4272,58.032,0.05,2.9016,34.8192,3631.2,3596.3808
706,0.77,One Year,4714,86.32,0.05,4.316,51.792,3629.78,3577.9880000000003
707,0.88,Month-to-Month,4123,73.32,0.1,7.332,87.984,3628.2400000000002,3540.2560000000003
708,0.95,Month-to-Month,3812,84.5,0.1,8.450000000000001,101.4,3621.3999999999996,3519.9999999999995
709,0.94,Month-to-Month,3851,93.132,0.1,9.3132,111.7584,3619.9399999999996,3508.1815999999994
710,0.77,Month-to-Month,4687,109.876,0.05,5.4938,65.9256,3608.9900000000002,3543.0644
711,0.82,Month-to-Month,4398,80.86,0.05,4.043,48.516000000000005,3606.3599999999997,3557.8439999999996
712,0.98,Month-to-Month,3677,99.268,0.15,14.8902,178.6824,3603.46,3424.7776
713,0.91,Month-to-Month,3955,50.492,0.1,5.0492,60.5904,3599.05,3538.4596
714,0.85,Month-to-Month,4233,103.48,0.05,5.174,62.08800000000001,3598.0499999999997,3535.9619999999995
715,0.87,Month-to-Month,4132,18.85,0.1,1.8850000000000002,22.620000000000005,3594.84,3572.2200000000003
716,0.83,Month-to-Month,4330,101.816,0.05,5.090800000000001,61.089600000000004,3593.8999999999996,3532.8104
717,0.77,One Year,4663,109.876,0.05,5.4938,65.9256,3590.51,3524.5844
718,0.93,Month-to-Month,3860,77.584,0.1,7.758400000000001,93.1008,3589.8,3496.6992
719,0.84,Month-to-Month,4273,83.772,0.05,4.1886,50.2632,3589.3199999999997,3539.0568
720,0.83,Month-to-Month,4320,78.572,0.05,3.9286000000000003,47.14320000000001,3585.6,3538.4568
721,0.78,One Year,4596,72.956,0.05,3.6478,43.7736,3584.88,3541.1064
722,0.84,Month-to-Month,4265,68.328,0.05,3.4164000000000003,40.99680000000001,3582.6,3541.6032
723,0.8,Month-to-Month,4478,51.22,0.05,2.561,30.732,3582.4,3551.668
724,0.9,Month-to-Month,3980,82.784,0.1,8.278400000000001,99.34080000000002,3582.0,3482.6592
725,0.9,Month-to-Month,3965,117.468,0.1,11.7468,140.9616,3568.5,3427.5384
726,0.9,Month-to-Month,3965,72.54,0.1,7.254000000000001,87.04800000000002,3568.5,3481.4519999999998
727,0.79,Month-to-Month,4517,78.208,0.05,3.9104,46.924800000000005,3568.4300000000003,3521.5052000000005
728,0.84,Month-to-Month,4248,51.636,0.05,2.5818000000000003,30.981600000000004,3568.3199999999997,3537.3383999999996
729,0.85,Month-to-Month,4197,20.2,0.05,1.01,12.120000000000001,3567.45,3555.33
730,0.77,Month-to-Month,4633,19.9,0.05,0.995,11.94,3567.4100000000003,3555.4700000000003
731,0.79,Month-to-Month,4512,104.052,0.05,5.2026,62.431200000000004,3564.48,3502.0488
732,0.78,Month-to-Month,4568,53.248,0.05,2.6624,31.9488,3563.04,3531.0912
733,0.99,Month-to-Month,3596,106.184,0.15,15.927599999999998,191.13119999999998,3560.04,3368.9088
734,0.96,Month-to-Month,3706,36.452,0.15,5.4677999999999995,65.61359999999999,3557.7599999999998,3492.1463999999996
735,0.87,Month-to-Month,4089,100.672,0.1,10.0672,120.8064,3557.43,3436.6236
736,0.81,One Year,4389,115.336,0.05,5.7668,69.2016,3555.09,3485.8884000000003
737,0.97,Month-to-Month,3665,98.436,0.15,14.7654,177.1848,3555.0499999999997,3377.8651999999997
738,1.0,Month-to-Month,3555,82.212,0.15,12.3318,147.9816,3555.0,3407.0184
739,0.91,Month-to-Month,3901,73.632,0.1,7.363200000000001,88.35840000000002,3549.9100000000003,3461.5516000000002
740,0.85,Month-to-Month,4176,99.008,0.05,4.9504,59.4048,3549.6,3490.1952
741,0.88,Month-to-Month,4028,78.572,0.1,7.857200000000001,94.28640000000001,3544.64,3450.3536
742,0.78,Month-to-Month,4544,101.244,0.05,5.062200000000001,60.74640000000001,3544.32,3483.5736
743,0.91,Month-to-Month,3890,84.032,0.1,8.4032,100.83840000000001,3539.9,3439.0616
744,0.85,Month-to-Month,4162,46.332,0.05,2.3166,27.799200000000003,3537.7,3509.9008
745,0.88,Month-to-Month,4019,108.472,0.1,10.8472,130.1664,3536.72,3406.5535999999997
746,0.96,Month-to-Month,3683,77.48,0.15,11.622,139.464,3535.68,3396.216
747,0.76,Month-to-Month,4650,93.652,0.05,4.6826,56.191199999999995,3534.0,3477.8088
748,0.82,Month-to-Month,4306,84.084,0.05,4.2042,50.4504,3530.9199999999996,3480.4695999999994
749,0.83,Month-to-Month,4235,57.304,0.05,2.8652,34.382400000000004,3515.0499999999997,3480.6675999999998
750,0.92,Month-to-Month,3809,57.2,0.1,5.720000000000001,68.64000000000001,3504.28,3435.6400000000003
751,0.82,Month-to-Month,4266,19.3,0.05,0.9650000000000001,11.580000000000002,3498.12,3486.54
752,0.76,One Year,4601,114.556,0.05,5.7278,68.7336,3496.76,3428.0264
753,0.94,Month-to-Month,3718,52.832,0.1,5.283200000000001,63.39840000000001,3494.9199999999996,3431.5215999999996
754,0.78,Month-to-Month,4479,20.0,0.05,1.0,12.0,3493.6200000000003,3481.6200000000003
755,0.85,Month-to-Month,4110,58.5,0.05,2.9250000000000003,35.1,3493.5,3458.4
756,0.87,Month-to-Month,4013,77.636,0.1,7.7636,93.1632,3491.31,3398.1468
757,0.88,Month-to-Month,3967,88.972,0.1,8.8972,106.7664,3490.96,3384.1936
758,0.9,Month-to-Month,3878,89.076,0.1,8.9076,106.8912,3490.2000000000003,3383.3088000000002
759,0.88,Month-to-Month,3964,73.268,0.1,7.3268,87.92160000000001,3488.32,3400.3984
760,0.97,Month-to-Month,3596,78.312,0.15,11.746799999999999,140.96159999999998,3488.12,3347.1584
761,0.79,One Year,4406,109.616,0.05,5.4808,65.7696,3480.7400000000002,3414.9704
762,0.91,One Year,3824,107.9,0.1,10.790000000000001,129.48000000000002,3479.84,3350.36
763,0.9,Month-to-Month,3865,53.82,0.1,5.382000000000001,64.584,3478.5,3413.916
764,0.83,Month-to-Month,4190,60.944,0.05,3.0472,36.5664,3477.7,3441.1335999999997
765,0.79,One Year,4394,94.224,0.05,4.711200000000001,56.534400000000005,3471.26,3414.7256
766,0.77,Month-to-Month,4508,111.02,0.05,5.551,66.612,3471.16,3404.548
767,0.99,Month-to-Month,3506,97.604,0.15,14.6406,175.6872,3470.94,3295.2528
768,0.84,Month-to-Month,4127,96.2,0.05,4.8100000000000005,57.720000000000006,3466.68,3408.96
769,0.86,Month-to-Month,4028,51.376,0.1,5.1376,61.6512,3464.08,3402.4288
770,0.92,Month-to-Month,3757,46.956,0.1,4.695600000000001,56.34720000000001,3456.44,3400.0928
771,0.97,Month-to-Month,3561,47.528,0.15,7.1292,85.5504,3454.17,3368.6196
772,0.82,Month-to-Month,4212,56.524,0.05,2.8262,33.9144,3453.8399999999997,3419.9255999999996
773,0.76,Two Year,4544,108.16,0.05,5.408,64.896,3453.44,3388.544
774,0.84,Month-to-Month,4109,88.608,0.05,4.430400000000001,53.16480000000001,3451.56,3398.3952
775,0.89,Month-to-Month,3878,92.508,0.1,9.2508,111.0096,3451.42,3340.4104
776,0.94,Month-to-Month,3670,103.948,0.1,10.3948,124.7376,3449.7999999999997,3325.0624
777,0.82,Month-to-Month,4207,50.544,0.05,2.5272,30.3264,3449.74,3419.4136
778,0.92,Month-to-Month,3747,30.368,0.1,3.0368,36.4416,3447.2400000000002,3410.7984
779,0.79,Month-to-Month,4359,94.224,0.05,4.711200000000001,56.534400000000005,3443.61,3387.0756
780,0.85,Month-to-Month,4049,67.288,0.05,3.3644,40.3728,3441.65,3401.2772
781,0.89,Month-to-Month,3861,92.612,0.1,9.2612,111.1344,3436.29,3325.1556
782,0.83,Month-to-Month,4133,20.35,0.05,1.0175,12.21,3430.39,3418.18
783,0.9,Month-to-Month,3807,93.34,0.1,9.334000000000001,112.00800000000001,3426.3,3314.2920000000004
784,0.89,Month-to-Month,3849,104.884,0.1,10.4884,125.86080000000001,3425.61,3299.7492
785,0.98,Month-to-Month,3492,82.524,0.15,12.3786,148.5432,3422.16,3273.6168
786,0.8,One Year,4261,113.62,0.05,5.681000000000001,68.17200000000001,3408.8,3340.628
787,0.78,One Year,4369,108.316,0.05,5.415800000000001,64.98960000000001,3407.82,3342.8304000000003
788,0.82,Month-to-Month,4155,83.668,0.05,4.183400000000001,50.20080000000001,3407.1,3356.8992
789,0.96,Month-to-Month,3542,26.312,0.15,3.9468,47.3616,3400.3199999999997,3352.9583999999995
790,0.89,Month-to-Month,3819,84.552,0.1,8.455200000000001,101.46240000000002,3398.91,3297.4476
791,0.77,Month-to-Month,4414,41.704,0.05,2.0852,25.022399999999998,3398.78,3373.7576000000004
792,0.83,Month-to-Month,4094,72.8,0.05,3.64,43.68,3398.02,3354.34
793,0.84,Month-to-Month,4044,51.012,0.05,2.5506,30.607200000000002,3396.96,3366.3528
794,0.81,Month-to-Month,4193,90.012,0.05,4.5006,54.007200000000005,3396.3300000000004,3342.3228000000004
795,0.83,Month-to-Month,4091,99.424,0.05,4.9712000000000005,59.65440000000001,3395.5299999999997,3335.8756
796,0.95,Month-to-Month,3567,81.64,0.1,8.164,97.96799999999999,3388.6499999999996,3290.682
797,0.97,Month-to-Month,3493,102.96,0.15,15.443999999999999,185.32799999999997,3388.21,3202.882
798,0.88,One Year,3849,93.132,0.1,9.3132,111.7584,3387.12,3275.3615999999997
799,0.95,Month-to-Month,3561,90.324,0.1,9.0324,108.3888,3382.95,3274.5611999999996
800,0.83,One Year,4072,104.988,0.05,5.2494000000000005,62.9928,3379.7599999999998,3316.7672
801,0.96,Month-to-Month,3520,78.936,0.15,11.8404,142.0848,3379.2,3237.1151999999997
802,0.9,Month-to-Month,3753,21.0,0.1,2.1,25.200000000000003,3377.7000000000003,3352.5000000000005
803,0.82,Month-to-Month,4115,97.552,0.05,4.877600000000001,58.53120000000001,3374.2999999999997,3315.7688
804,0.88,Month-to-Month,3834,83.616,0.1,8.361600000000001,100.3392,3373.92,3273.5808
805,0.91,Month-to-Month,3706,72.904,0.1,7.2904,87.4848,3372.46,3284.9752
806,0.91,Month-to-Month,3704,46.436,0.1,4.6436,55.723200000000006,3370.6400000000003,3314.9168000000004
807,0.85,Month-to-Month,3962,87.256,0.05,4.3628,52.3536,3367.7,3315.3464
808,0.78,Month-to-Month,4316,88.348,0.05,4.4174,53.008799999999994,3366.48,3313.4712
809,0.9,Month-to-Month,3740,83.252,0.1,8.3252,99.9024,3366.0,3266.0976
810,0.9,Month-to-Month,3740,91.884,0.1,9.1884,110.26079999999999,3366.0,3255.7392
811,0.8,Month-to-Month,4207,30.836,0.05,1.5418,18.5016,3365.6000000000004,3347.0984000000003
812,0.97,Month-to-Month,3469,82.68,0.15,12.402000000000001,148.824,3364.93,3216.1059999999998
813,0.96,Month-to-Month,3501,82.576,0.15,12.386399999999998,148.6368,3360.96,3212.3232
814,0.77,Month-to-Month,4356,92.456,0.05,4.622800000000001,55.473600000000005,3354.12,3298.6464
815,0.79,Month-to-Month,4243,103.844,0.05,5.1922,62.3064,3351.9700000000003,3289.6636000000003
816,0.95,Month-to-Month,3525,73.268,0.1,7.3268,87.92160000000001,3348.75,3260.8284
817,0.9,Month-to-Month,3714,101.92,0.1,10.192,122.304,3342.6,3220.296
818,0.81,Month-to-Month,4119,52.78,0.05,2.6390000000000002,31.668000000000003,3336.3900000000003,3304.722
819,0.96,Month-to-Month,3475,51.22,0.15,7.683,92.196,3336.0,3243.804
820,0.9,Month-to-Month,3706,47.684,0.1,4.7684,57.2208,3335.4,3278.1792
821,0.81,Month-to-Month,4115,92.248,0.05,4.6124,55.3488,3333.15,3277.8012
822,0.9,Month-to-Month,3698,88.4,0.1,8.840000000000002,106.08000000000001,3328.2000000000003,3222.1200000000003
823,0.92,Month-to-Month,3615,31.824,0.1,3.1824000000000003,38.1888,3325.8,3287.6112000000003
824,0.84,Month-to-Month,3958,36.972,0.05,1.8486000000000002,22.183200000000003,3324.72,3302.5368
825,0.95,Month-to-Month,3498,98.436,0.1,9.843600000000002,118.12320000000003,3323.1,3204.9768
826,0.93,Month-to-Month,3571,47.528,0.1,4.7528,57.03359999999999,3321.03,3263.9964
827,0.97,Month-to-Month,3420,88.244,0.15,13.2366,158.8392,3317.4,3158.5608
828,0.79,Month-to-Month,4198,90.012,0.05,4.5006,54.007200000000005,3316.42,3262.4128
829,0.86,Month-to-Month,3853,71.864,0.1,7.186400000000001,86.23680000000002,3313.58,3227.3432
830,0.87,Month-to-Month,3802,93.132,0.1,9.3132,111.7584,3307.74,3195.9815999999996
831,0.8,Month-to-Month,4134,49.712,0.05,2.4856000000000003,29.827200000000005,3307.2000000000003,3277.3728
832,0.89,Month-to-Month,3715,97.968,0.1,9.796800000000001,117.56160000000001,3306.35,3188.7884
833,0.95,Month-to-Month,3478,47.164,0.1,4.7164,56.5968,3304.1,3247.5032
834,0.97,Month-to-Month,3401,81.9,0.15,12.285,147.42000000000002,3298.97,3151.5499999999997
835,0.99,Month-to-Month,3330,102.18,0.15,15.327,183.924,3296.7,3112.776
836,0.77,One Year,4281,115.284,0.05,5.764200000000001,69.1704,3296.37,3227.1996
837,0.95,Month-to-Month,3469,98.28,0.1,9.828000000000001,117.936,3295.5499999999997,3177.6139999999996
838,0.76,One Year,4334,110.24,0.05,5.5120000000000005,66.144,3293.84,3227.696
839,0.95,Month-to-Month,3458,81.172,0.1,8.1172,97.4064,3285.1,3187.6936
840,0.9,Month-to-Month,3642,109.148,0.1,10.9148,130.9776,3277.8,3146.8224
841,0.89,Month-to-Month,3682,104.156,0.1,10.415600000000001,124.98720000000002,3276.98,3151.9928
842,0.93,Month-to-Month,3520,86.632,0.1,8.663200000000002,103.95840000000001,3273.6000000000004,3169.6416000000004
843,0.88,Month-to-Month,3716,88.816,0.1,8.8816,106.57920000000001,3270.08,3163.5008
844,0.91,Month-to-Month,3591,84.24,0.1,8.424,101.088,3267.81,3166.7219999999998
845,0.84,Month-to-Month,3889,70.668,0.05,3.5334000000000003,42.400800000000004,3266.7599999999998,3224.3592
846,0.92,Month-to-Month,3543,87.828,0.1,8.7828,105.39359999999999,3259.56,3154.1664
847,0.9,Month-to-Month,3621,82.576,0.1,8.2576,99.0912,3258.9,3159.8088000000002
848,0.79,Month-to-Month,4115,20.55,0.05,1.0275,12.330000000000002,3250.8500000000004,3238.5200000000004
849,0.79,Month-to-Month,4105,77.896,0.05,3.8948,46.7376,3242.9500000000003,3196.2124000000003
850,0.8,Month-to-Month,4050,102.856,0.05,5.1428,61.7136,3240.0,3178.2864
851,0.92,Month-to-Month,3521,81.692,0.1,8.1692,98.0304,3239.32,3141.2896
852,0.92,Month-to-Month,3520,72.124,0.1,7.2124,86.5488,3238.4,3151.8512
853,0.94,Month-to-Month,3438,52.156,0.1,5.2156,62.5872,3231.72,3169.1328
854,0.77,Month-to-Month,4196,109.46,0.05,5.473,65.676,3230.92,3165.244
855,0.76,Month-to-Month,4249,98.176,0.05,4.9088,58.90560000000001,3229.2400000000002,3170.3344
856,0.84,Month-to-Month,3843,47.684,0.05,2.3842,28.6104,3228.12,3199.5096
857,0.77,One Year,4191,113.88,0.05,5.694,68.328,3227.07,3158.742
858,0.81,Month-to-Month,3983,67.6,0.05,3.38,40.56,3226.23,3185.67
859,0.81,Month-to-Month,3979,101.556,0.05,5.0778,60.9336,3222.9900000000002,3162.0564000000004
860,0.95,Month-to-Month,3392,102.7,0.1,10.270000000000001,123.24000000000001,3222.3999999999996,3099.16
861,0.9,Month-to-Month,3579,89.336,0.1,8.9336,107.20320000000001,3221.1,3113.8968
862,0.91,Month-to-Month,3533,84.188,0.1,8.418800000000001,101.02560000000001,3215.03,3114.0044000000003
863,0.91,Month-to-Month,3531,47.58,0.1,4.758,57.096000000000004,3213.21,3156.114
864,0.82,Month-to-Month,3916,102.648,0.05,5.1324000000000005,61.588800000000006,3211.12,3149.5312
865,1.0,Month-to-Month,3208,72.748,0.15,10.9122,130.9464,3208.0,3077.0536
866,0.87,Month-to-Month,3687,77.376,0.1,7.7376000000000005,92.8512,3207.69,3114.8388
867,0.8,Month-to-Month,4001,103.48,0.05,5.174,62.08800000000001,3200.8,3138.712
868,0.86,Month-to-Month,3721,46.956,0.1,4.695600000000001,56.34720000000001,3200.06,3143.7128
869,0.85,Month-to-Month,3764,110.864,0.05,5.543200000000001,66.51840000000001,3199.4,3132.8816
870,0.77,Month-to-Month,4154,72.592,0.05,3.6296,43.5552,3198.58,3155.0248
871,0.93,Month-to-Month,3438,72.384,0.1,7.2384,86.86080000000001,3197.34,3110.4792
872,0.95,Month-to-Month,3365,72.28,0.1,7.228000000000001,86.736,3196.75,3110.014
873,0.86,Month-to-Month,3716,77.948,0.1,7.7947999999999995,93.5376,3195.7599999999998,3102.2223999999997
874,0.87,Month-to-Month,3669,72.904,0.1,7.2904,87.4848,3192.03,3104.5452
875,0.83,Month-to-Month,3843,42.276,0.05,2.1138000000000003,25.365600000000004,3189.69,3164.3244
876,0.87,Month-to-Month,3666,81.38,0.1,8.138,97.656,3189.42,3091.764
877,0.91,Month-to-Month,3503,25.74,0.1,2.574,30.887999999999998,3187.73,3156.842
878,0.87,Month-to-Month,3662,109.564,0.1,10.9564,131.4768,3185.94,3054.4632
879,0.95,Month-to-Month,3350,78.468,0.1,7.846800000000001,94.1616,3182.5,3088.3384
880,0.87,Month-to-Month,3658,102.492,0.1,10.249200000000002,122.99040000000002,3182.46,3059.4696
881,0.95,Month-to-Month,3344,89.7,0.1,8.97,107.64000000000001,3176.7999999999997,3069.16
882,0.77,Month-to-Month,4123,115.648,0.05,5.7824,69.3888,3174.71,3105.3212
883,0.91,Month-to-Month,3486,104.572,0.1,10.4572,125.4864,3172.26,3046.7736000000004
884,0.92,Month-to-Month,3443,84.76,0.1,8.476,101.71200000000002,3167.56,3065.848
885,0.84,Month-to-Month,3766,37.908,0.05,1.8954000000000002,22.7448,3163.44,3140.6952
886,0.94,Month-to-Month,3363,85.28,0.1,8.528,102.33600000000001,3161.22,3058.884
887,0.77,Month-to-Month,4103,20.15,0.05,1.0075,12.09,3159.31,3147.22
888,0.85,Month-to-Month,3715,83.044,0.05,4.1522,49.82639999999999,3157.75,3107.9236
889,0.89,Month-to-Month,3548,103.688,0.1,10.3688,124.4256,3157.7200000000003,3033.2944
890,0.86,Month-to-Month,3670,88.868,0.1,8.8868,106.64159999999998,3156.2,3049.5584
891,0.82,One Year,3833,89.388,0.05,4.4694,53.6328,3143.06,3089.4272
892,0.96,Month-to-Month,3273,72.28,0.15,10.842,130.104,3142.08,3011.976
893,0.78,Month-to-Month,4028,86.528,0.05,4.3264000000000005,51.91680000000001,3141.84,3089.9232
894,0.91,Month-to-Month,3452,93.392,0.1,9.3392,112.0704,3141.32,3029.2496
895,0.87,Month-to-Month,3608,89.18,0.1,8.918000000000001,107.01600000000002,3138.96,3031.944
896,0.78,Month-to-Month,4016,102.7,0.05,5.135000000000001,61.620000000000005,3132.48,3070.86
897,0.87,Month-to-Month,3598,104.208,0.1,10.4208,125.0496,3130.2599999999998,3005.2104
898,0.86,Month-to-Month,3638,57.408,0.1,5.7408,68.8896,3128.68,3059.7904
899,0.87,Month-to-Month,3590,94.692,0.1,9.469199999999999,113.63039999999998,3123.3,3009.6696
900,0.91,Month-to-Month,3427,86.996,0.1,8.6996,104.3952,3118.57,3014.1748000000002
901,0.95,Month-to-Month,3269,104.832,0.1,10.4832,125.7984,3105.5499999999997,2979.7515999999996
902,0.84,Month-to-Month,3696,93.028,0.05,4.651400000000001,55.81680000000001,3104.64,3048.8232
903,0.93,Month-to-Month,3336,89.596,0.1,8.9596,107.5152,3102.48,2994.9648
904,0.95,Month-to-Month,3265,99.424,0.1,9.942400000000001,119.30880000000002,3101.75,2982.4412
905,0.86,Month-to-Month,3601,83.824,0.1,8.3824,100.5888,3096.86,2996.2712
906,0.83,Month-to-Month,3731,20.5,0.05,1.0250000000000001,12.3,3096.73,3084.43
907,0.89,Month-to-Month,3473,99.476,0.1,9.947600000000001,119.37120000000002,3090.9700000000003,2971.5988
908,0.85,Month-to-Month,3634,76.804,0.05,3.8402000000000003,46.08240000000001,3088.9,3042.8176000000003
909,0.87,Month-to-Month,3545,81.432,0.1,8.1432,97.7184,3084.15,2986.4316
910,0.83,Month-to-Month,3700,46.488,0.05,2.3244000000000002,27.8928,3071.0,3043.1072
911,0.92,Month-to-Month,3338,73.424,0.1,7.342400000000001,88.10880000000002,3070.96,2982.8512
912,0.78,Month-to-Month,3937,83.2,0.05,4.16,49.92,3070.86,3020.94
913,0.94,Month-to-Month,3266,79.508,0.1,7.9508,95.4096,3070.04,2974.6304
914,1.0,Month-to-Month,3068,72.488,0.15,10.873199999999999,130.4784,3068.0,2937.5216
915,0.93,Month-to-Month,3298,25.428,0.1,2.5428,30.513600000000004,3067.1400000000003,3036.6264
916,0.85,Month-to-Month,3605,32.604,0.05,1.6302,19.5624,3064.25,3044.6876
917,0.92,Month-to-Month,3320,87.984,0.1,8.798399999999999,105.58079999999998,3054.4,2948.8192
918,0.8,Month-to-Month,3817,20.85,0.05,1.0425000000000002,12.510000000000002,3053.6000000000004,3041.09
919,0.96,Month-to-Month,3172,103.532,0.15,15.529799999999998,186.3576,3045.12,2858.7624
920,0.8,Month-to-Month,3804,86.632,0.05,4.331600000000001,51.979200000000006,3043.2000000000003,2991.2208
921,0.84,Month-to-Month,3622,77.324,0.05,3.8662,46.394400000000005,3042.48,2996.0856
922,0.79,Month-to-Month,3847,80.756,0.05,4.0378,48.453599999999994,3039.13,2990.6764000000003
923,0.85,Month-to-Month,3573,88.66,0.05,4.433,53.196,3037.0499999999997,2983.854
924,0.97,Month-to-Month,3128,80.08,0.15,12.011999999999999,144.14399999999998,3034.16,2890.016
925,0.98,Month-to-Month,3096,84.084,0.15,12.6126,151.3512,3034.08,2882.7288
926,0.93,Month-to-Month,3260,100.464,0.1,10.0464,120.55680000000001,3031.8,2911.2432000000003
927,0.91,Month-to-Month,3331,77.636,0.1,7.7636,93.1632,3031.21,2938.0468
928,0.95,Month-to-Month,3190,78.0,0.1,7.800000000000001,93.60000000000001,3030.5,2936.9
929,0.84,Month-to-Month,3606,100.048,0.05,5.002400000000001,60.028800000000004,3029.04,2969.0112
930,0.84,One Year,3599,103.168,0.05,5.1584,61.900800000000004,3023.16,2961.2592
931,0.92,Month-to-Month,3280,83.044,0.1,8.3044,99.65279999999998,3017.6,2917.9472
932,0.91,Month-to-Month,3316,108.888,0.1,10.888800000000002,130.6656,3017.56,2886.8944
933,0.78,Month-to-Month,3866,64.064,0.05,3.2032,38.4384,3015.48,2977.0416
934,0.81,Month-to-Month,3722,103.948,0.05,5.1974,62.3688,3014.82,2952.4512
935,0.81,Month-to-Month,3718,84.24,0.05,4.212,50.544,3011.5800000000004,2961.0360000000005
936,0.91,Month-to-Month,3305,88.244,0.1,8.8244,105.89280000000001,3007.55,2901.6572
937,0.83,Month-to-Month,3620,111.644,0.05,5.5822,66.9864,3004.6,2937.6135999999997
938,0.79,Month-to-Month,3797,46.852,0.05,2.3426,28.1112,2999.63,2971.5188000000003
939,0.88,Month-to-Month,3401,114.868,0.1,11.4868,137.8416,2992.88,2855.0384
940,0.83,Month-to-Month,3599,51.584,0.05,2.5792,30.950400000000002,2987.17,2956.2196
941,0.81,Month-to-Month,3684,74.152,0.05,3.7076000000000002,44.491200000000006,2984.0400000000004,2939.5488000000005
942,0.86,Month-to-Month,3464,87.256,0.1,8.7256,104.7072,2979.04,2874.3328
943,0.81,Month-to-Month,3677,89.752,0.05,4.4876,53.85119999999999,2978.3700000000003,2924.5188000000003
944,0.86,Month-to-Month,3463,73.476,0.1,7.3476,88.1712,2978.18,2890.0087999999996
945,0.84,Month-to-Month,3535,19.0,0.05,0.9500000000000001,11.4,2969.4,2958.0
946,0.96,Month-to-Month,3091,81.588,0.15,12.238199999999999,146.8584,2967.3599999999997,2820.5015999999996
947,0.93,Month-to-Month,3189,75.764,0.1,7.5764,90.9168,2965.77,2874.8532
948,0.89,Month-to-Month,3327,74.672,0.1,7.4672,89.60640000000001,2961.03,2871.4236
949,0.77,Month-to-Month,3845,20.65,0.05,1.0325,12.39,2960.65,2948.26
950,0.88,Month-to-Month,3357,52.572,0.1,5.257200000000001,63.08640000000001,2954.16,2891.0735999999997
951,0.96,Month-to-Month,3077,99.164,0.15,14.8746,178.49519999999998,2953.92,2775.4248000000002
952,0.96,Month-to-Month,3074,98.644,0.15,14.7966,177.5592,2951.04,2773.4808
953,0.77,Month-to-Month,3830,20.3,0.05,1.0150000000000001,12.180000000000001,2949.1,2936.92
954,0.91,Month-to-Month,3238,84.344,0.1,8.4344,101.2128,2946.58,2845.3672
955,0.96,Month-to-Month,3067,92.872,0.15,13.9308,167.1696,2944.3199999999997,2777.1503999999995
956,0.96,Month-to-Month,3065,58.5,0.15,8.775,105.30000000000001,2942.4,2837.1
957,0.77,Month-to-Month,3820,20.5,0.05,1.0250000000000001,12.3,2941.4,2929.1
958,0.78,One Year,3770,110.344,0.05,5.5172,66.2064,2940.6,2874.3936
959,0.94,Month-to-Month,3128,104.832,0.1,10.4832,125.7984,2940.3199999999997,2814.5215999999996
960,0.87,One Year,3378,70.2,0.1,7.0200000000000005,84.24000000000001,2938.86,2854.62
961,0.9,Month-to-Month,3263,82.212,0.1,8.221200000000001,98.65440000000001,2936.7000000000003,2838.0456000000004
962,0.93,Month-to-Month,3156,72.8,0.1,7.28,87.36,2935.08,2847.72
963,0.92,Month-to-Month,3190,57.512,0.1,5.751200000000001,69.01440000000001,2934.8,2865.7856
964,0.86,Month-to-Month,3410,82.368,0.1,8.2368,98.8416,2932.6,2833.7583999999997
965,0.81,Month-to-Month,3620,42.016,0.05,2.1008,25.209600000000002,2932.2000000000003,2906.9904
966,0.78,Month-to-Month,3758,53.092,0.05,2.6546000000000003,31.855200000000004,2931.2400000000002,2899.3848000000003
967,0.86,Month-to-Month,3407,55.9,0.1,5.59,67.08,2930.02,2862.94
968,0.96,Month-to-Month,3049,47.112,0.15,7.0668,84.8016,2927.04,2842.2384
969,0.87,Month-to-Month,3364,89.752,0.1,8.9752,107.70239999999998,2926.68,2818.9775999999997
970,0.9,Month-to-Month,3244,36.088,0.1,3.6088000000000005,43.305600000000005,2919.6,2876.2943999999998
971,0.91,Month-to-Month,3208,72.956,0.1,7.2956,87.5472,2919.28,2831.7328
972,0.86,Month-to-Month,3394,52.052,0.1,5.2052000000000005,62.4624,2918.84,2856.3776000000003
973,0.77,Month-to-Month,3788,83.876,0.05,4.1938,50.32560000000001,2916.76,2866.4344
974,0.82,One Year,3553,87.412,0.05,4.3706000000000005,52.44720000000001,2913.46,2861.0128
975,0.82,Month-to-Month,3553,78.052,0.05,3.9026000000000005,46.83120000000001,2913.46,2866.6288
976,0.94,Month-to-Month,3086,88.244,0.1,8.8244,105.89280000000001,2900.8399999999997,2794.9471999999996
977,0.99,Month-to-Month,2930,79.092,0.15,11.8638,142.3656,2900.7,2758.3343999999997
978,0.89,Month-to-Month,3257,73.58,0.1,7.3580000000000005,88.296,2898.73,2810.434
979,0.82,Month-to-Month,3529,89.7,0.05,4.485,53.82000000000001,2893.7799999999997,2839.9599999999996
980,0.84,Month-to-Month,3443,83.668,0.05,4.183400000000001,50.20080000000001,2892.12,2841.9192
981,0.79,Month-to-Month,3657,20.0,0.05,1.0,12.0,2889.03,2877.03
982,0.83,Month-to-Month,3474,103.532,0.05,5.1766000000000005,62.119200000000006,2883.42,2821.3008
983,0.85,Month-to-Month,3389,78.936,0.05,3.9468000000000005,47.36160000000001,2880.65,2833.2884
984,0.88,Month-to-Month,3273,52.156,0.1,5.2156,62.5872,2880.2400000000002,2817.6528000000003
985,0.88,Month-to-Month,3273,89.284,0.1,8.928400000000002,107.14080000000001,2880.2400000000002,2773.0992
986,0.79,Month-to-Month,3645,88.92,0.05,4.446000000000001,53.352000000000004,2879.55,2826.1980000000003
987,0.78,Month-to-Month,3684,73.06,0.05,3.6530000000000005,43.836000000000006,2873.52,2829.684
988,0.94,Month-to-Month,3056,83.408,0.1,8.3408,100.08959999999999,2872.64,2772.5504
989,0.96,Month-to-Month,2987,87.464,0.15,13.1196,157.4352,2867.52,2710.0848
990,0.78,Month-to-Month,3676,98.228,0.05,4.9114,58.936800000000005,2867.28,2808.3432000000003
991,0.8,Month-to-Month,3584,110.344,0.05,5.5172,66.2064,2867.2000000000003,2800.9936000000002
992,0.9,Month-to-Month,3185,108.576,0.1,10.8576,130.2912,2866.5,2736.2088
993,0.76,Month-to-Month,3769,108.056,0.05,5.4028,64.8336,2864.44,2799.6064
994,0.91,Month-to-Month,3146,36.088,0.1,3.6088000000000005,43.305600000000005,2862.86,2819.5544
995,0.94,Month-to-Month,3042,72.332,0.1,7.2332,86.7984,2859.48,2772.6816
996,0.92,Month-to-Month,3108,82.784,0.1,8.278400000000001,99.34080000000002,2859.36,2760.0192
997,0.83,Month-to-Month,3444,108.472,0.05,5.4236,65.0832,2858.52,2793.4368
998,0.94,Month-to-Month,3038,73.112,0.1,7.3111999999999995,87.7344,2855.72,2767.9856
999,0.89,Month-to-Month,3207,82.368,0.1,8.2368,98.8416,2854.23,2755.3884
1000,0.87,Month-to-Month,3278,25.324,0.1,2.5324000000000004,30.388800000000003,2851.86,2821.4712
1001,0.8,Month-to-Month,3556,19.55,0.05,0.9775,11.73,2844.8,2833.07
1002,0.89,Month-to-Month,3196,26.208,0.1,2.6208,31.4496,2844.44,2812.9904
1003,0.9,Month-to-Month,3155,66.144,0.1,6.614400000000001,79.37280000000001,2839.5,2760.1272
1004,0.93,Month-to-Month,3052,71.396,0.1,7.139600000000001,85.6752,2838.36,2752.6848
1005,0.78,Month-to-Month,3631,88.712,0.05,4.4356,53.227199999999996,2832.1800000000003,2778.9528000000005
1006,0.84,Month-to-Month,3370,105.456,0.05,5.2728,63.2736,2830.7999999999997,2767.5263999999997
1007,0.78,Month-to-Month,3627,41.808,0.05,2.0904000000000003,25.0848,2829.06,2803.9752
1008,0.92,Month-to-Month,3075,88.348,0.1,8.8348,106.01759999999999,2829.0,2722.9824
1009,0.93,Month-to-Month,3039,82.888,0.1,8.2888,99.4656,2826.27,2726.8044
1010,0.95,Month-to-Month,2975,88.452,0.1,8.8452,106.14240000000001,2826.25,2720.1076
1011,0.93,Month-to-Month,3037,47.424,0.1,4.7424,56.9088,2824.4100000000003,2767.5012
1012,0.87,Month-to-Month,3246,82.732,0.1,8.273200000000001,99.2784,2824.02,2724.7416
1013,0.87,Month-to-Month,3244,78.312,0.1,7.8312,93.9744,2822.28,2728.3056
1014,0.95,Month-to-Month,2966,89.492,0.1,8.949200000000001,107.39040000000001,2817.7,2710.3095999999996
1015,0.94,Month-to-Month,2987,36.556,0.1,3.6555999999999997,43.8672,2807.7799999999997,2763.9127999999996
1016,0.84,Month-to-Month,3336,88.972,0.05,4.4486,53.3832,2802.24,2748.8567999999996
1017,0.91,Month-to-Month,3079,82.004,0.1,8.2004,98.4048,2801.89,2703.4852
1018,0.9,Month-to-Month,3110,59.436,0.1,5.9436,71.3232,2799.0,2727.6768
1019,0.78,Month-to-Month,3585,75.816,0.05,3.7908000000000004,45.4896,2796.3,2750.8104000000003
1020,0.93,Month-to-Month,3005,79.456,0.1,7.945600000000001,95.34720000000002,2794.65,2699.3028
1021,0.94,Month-to-Month,2973,97.864,0.1,9.7864,117.4368,2794.62,2677.1832
1022,0.87,Month-to-Month,3212,93.652,0.1,9.3652,112.38239999999999,2794.44,2682.0576
1023,0.81,Month-to-Month,3443,47.112,0.05,2.3556000000000004,28.267200000000003,2788.8300000000004,2760.5628000000006
1024,0.87,Month-to-Month,3204,46.176,0.1,4.6176,55.41120000000001,2787.48,2732.0688
1025,0.87,Month-to-Month,3200,45.812,0.1,4.5812,54.9744,2784.0,2729.0256
1026,0.93,Month-to-Month,2989,59.748,0.1,5.9748,71.6976,2779.77,2708.0724
1027,0.89,Month-to-Month,3123,105.04,0.1,10.504000000000001,126.04800000000002,2779.4700000000003,2653.422
1028,0.92,Month-to-Month,3019,98.384,0.1,9.8384,118.0608,2777.48,2659.4192
1029,0.86,Month-to-Month,3226,76.804,0.1,7.680400000000001,92.16480000000001,2774.36,2682.1952
1030,0.82,Month-to-Month,3383,30.888,0.05,1.5444000000000002,18.5328,2774.06,2755.5272
1031,0.86,Month-to-Month,3223,89.076,0.1,8.9076,106.8912,2771.7799999999997,2664.8887999999997
1032,0.89,Month-to-Month,3109,82.888,0.1,8.2888,99.4656,2767.01,2667.5444
1033,0.77,Month-to-Month,3591,93.028,0.05,4.651400000000001,55.81680000000001,2765.07,2709.2532
1034,0.96,Month-to-Month,2879,86.892,0.15,13.0338,156.4056,2763.8399999999997,2607.4343999999996
1035,0.89,Month-to-Month,3104,36.504,0.1,3.6504,43.8048,2762.56,2718.7552
1036,0.9,Month-to-Month,3068,99.84,0.1,9.984000000000002,119.80800000000002,2761.2000000000003,2641.3920000000003
1037,0.95,Month-to-Month,2901,72.54,0.1,7.254000000000001,87.04800000000002,2755.95,2668.9019999999996
1038,0.91,Month-to-Month,3016,98.644,0.1,9.864400000000002,118.37280000000001,2744.56,2626.1872
1039,0.83,One Year,3306,85.28,0.05,4.264,51.168000000000006,2743.98,2692.812
1040,0.94,Month-to-Month,2919,76.18,0.1,7.618000000000001,91.41600000000001,2743.8599999999997,2652.4439999999995
1041,0.76,Month-to-Month,3600,72.852,0.05,3.6426000000000003,43.711200000000005,2736.0,2692.2888
1042,0.86,Month-to-Month,3179,103.012,0.1,10.301200000000001,123.61440000000002,2733.94,2610.3256
1043,0.96,Month-to-Month,2846,25.22,0.15,3.7829999999999995,45.395999999999994,2732.16,2686.7639999999997
1044,0.94,Month-to-Month,2905,92.664,0.1,9.2664,111.19680000000001,2730.7,2619.5031999999997
1045,0.85,Month-to-Month,3212,83.512,0.05,4.1756,50.107200000000006,2730.2,2680.0928
1046,0.97,Month-to-Month,2814,77.324,0.15,11.5986,139.1832,2729.58,2590.3968
1047,0.96,Month-to-Month,2843,72.124,0.15,10.818599999999998,129.82319999999999,2729.2799999999997,2599.4568
1048,0.94,Month-to-Month,2898,93.08,0.1,9.308,111.696,2724.12,2612.424
1049,0.97,Month-to-Month,2792,72.332,0.15,10.849799999999998,130.19759999999997,2708.24,2578.0424
1050,0.79,Month-to-Month,3425,103.844,0.05,5.1922,62.3064,2705.75,2643.4436
1051,0.86,Month-to-Month,3145,77.532,0.1,7.7532,93.0384,2704.7,2611.6616
1052,0.82,Month-to-Month,3296,72.748,0.05,3.6374000000000004,43.64880000000001,2702.72,2659.0712
1053,0.8,Month-to-Month,3378,97.448,0.05,4.8724,58.4688,2702.4,2643.9312
1054,0.98,Month-to-Month,2756,80.236,0.15,12.035400000000001,144.4248,2700.88,2556.4552000000003
1055,0.9,Month-to-Month,2999,99.372,0.1,9.9372,119.24640000000001,2699.1,2579.8536
1056,0.78,Month-to-Month,3457,78.156,0.05,3.9078000000000004,46.893600000000006,2696.46,2649.5664
1057,0.84,Month-to-Month,3209,88.764,0.05,4.4382,53.2584,2695.56,2642.3016
1058,0.83,Month-to-Month,3228,73.84,0.05,3.692,44.304,2679.24,2634.9359999999997
1059,0.79,Month-to-Month,3391,99.84,0.05,4.992000000000001,59.90400000000001,2678.8900000000003,2618.9860000000003
1060,0.87,Month-to-Month,3077,93.08,0.1,9.308,111.696,2676.99,2565.294
1061,0.88,Month-to-Month,3038,119.08,0.1,11.908000000000001,142.89600000000002,2673.44,2530.544
1062,0.79,Month-to-Month,3380,117.728,0.05,5.8864,70.6368,2670.2000000000003,2599.5632000000005
1063,1.0,Month-to-Month,2668,93.444,0.15,14.0166,168.19920000000002,2668.0,2499.8008
1064,0.92,Month-to-Month,2895,102.024,0.1,10.2024,122.42880000000001,2663.4,2540.9712
1065,0.93,Month-to-Month,2863,41.08,0.1,4.108,49.29599999999999,2662.59,2613.2940000000003
1066,0.88,Month-to-Month,3017,48.152,0.1,4.815200000000001,57.78240000000001,2654.96,2597.1776
1067,0.91,Month-to-Month,2915,31.408,0.1,3.1408000000000005,37.689600000000006,2652.65,2614.9604
1068,0.83,One Year,3195,25.064,0.05,1.2532,15.038400000000001,2651.85,2636.8116
1069,0.94,Month-to-Month,2819,103.428,0.1,10.3428,124.1136,2649.8599999999997,2525.7463999999995
1070,0.94,Month-to-Month,2818,84.604,0.1,8.4604,101.5248,2648.92,2547.3952
1071,0.93,Month-to-Month,2847,72.176,0.1,7.217600000000001,86.61120000000001,2647.71,2561.0988
1072,0.79,Month-to-Month,3351,37.18,0.05,1.859,22.308,2647.29,2624.982
1073,0.79,Month-to-Month,3348,77.688,0.05,3.8844000000000003,46.61280000000001,2644.92,2598.3072
1074,0.91,Month-to-Month,2905,94.224,0.1,9.422400000000001,113.06880000000001,2643.55,2530.4812
1075,0.94,Month-to-Month,2806,52.468,0.1,5.2468,62.961600000000004,2637.64,2574.6784
1076,0.93,Month-to-Month,2834,95.056,0.1,9.5056,114.06719999999999,2635.6200000000003,2521.5528000000004
1077,0.88,Month-to-Month,2995,77.272,0.1,7.727200000000001,92.72640000000001,2635.6,2542.8736
1078,0.9,Month-to-Month,2928,52.468,0.1,5.2468,62.961600000000004,2635.2000000000003,2572.2384
1079,0.92,Month-to-Month,2864,47.476,0.1,4.7476,56.9712,2634.88,2577.9088
1080,0.78,One Year,3365,85.332,0.05,4.2665999999999995,51.19919999999999,2624.7000000000003,2573.5008000000003
1081,0.96,Month-to-Month,2734,30.784,0.15,4.6175999999999995,55.411199999999994,2624.64,2569.2288
1082,0.96,Month-to-Month,2734,83.72,0.15,12.558,150.696,2624.64,2473.944
1083,0.81,Month-to-Month,3239,56.004,0.05,2.8002000000000002,33.6024,2623.59,2589.9876
1084,0.99,Month-to-Month,2650,88.4,0.15,13.26,159.12,2623.5,2464.38
1085,0.84,Month-to-Month,3123,106.912,0.05,5.345600000000001,64.14720000000001,2623.3199999999997,2559.1728
1086,0.96,Month-to-Month,2728,81.796,0.15,12.269400000000001,147.2328,2618.88,2471.6472000000003
1087,0.93,Month-to-Month,2815,51.532,0.1,5.1532,61.8384,2617.9500000000003,2556.1116
1088,0.95,Month-to-Month,2754,92.404,0.1,9.2404,110.88479999999998,2616.2999999999997,2505.4152
1089,0.76,Month-to-Month,3429,77.376,0.05,3.8688000000000002,46.4256,2606.04,2559.6144
1090,0.95,Month-to-Month,2740,98.54,0.1,9.854000000000001,118.24800000000002,2603.0,2484.752
1091,0.98,Month-to-Month,2656,88.296,0.15,13.2444,158.93280000000001,2602.88,2443.9472
1092,0.86,Month-to-Month,3022,73.684,0.1,7.3684,88.4208,2598.92,2510.4992
1093,0.81,Month-to-Month,3207,77.22,0.05,3.861,46.332,2597.67,2551.338
1094,0.97,Month-to-Month,2671,73.164,0.15,10.9746,131.6952,2590.87,2459.1748
1095,0.85,Month-to-Month,3041,88.66,0.05,4.433,53.196,2584.85,2531.654
1096,0.9,One Year,2872,82.628,0.1,8.2628,99.15360000000001,2584.8,2485.6464
1097,0.88,Month-to-Month,2937,64.532,0.1,6.4532,77.4384,2584.56,2507.1216
1098,0.87,Month-to-Month,2967,24.856,0.1,2.4856000000000003,29.827200000000005,2581.29,2551.4628
1099,0.88,Month-to-Month,2931,94.328,0.1,9.4328,113.1936,2579.28,2466.0864
1100,0.83,Month-to-Month,3106,92.352,0.05,4.6176,55.41120000000001,2577.98,2522.5688
1101,0.84,Month-to-Month,3068,103.844,0.05,5.1922,62.3064,2577.12,2514.8136
1102,0.96,Month-to-Month,2683,83.824,0.15,12.573599999999999,150.8832,2575.68,2424.7968
1103,0.97,Month-to-Month,2655,50.7,0.15,7.605,91.26,2575.35,2484.0899999999997
1104,0.9,Month-to-Month,2860,32.136,0.1,3.2136000000000005,38.56320000000001,2574.0,2535.4368
1105,0.86,Month-to-Month,2990,96.044,0.1,9.6044,115.25280000000001,2571.4,2456.1472
1106,0.89,Month-to-Month,2887,88.608,0.1,8.860800000000001,106.32960000000001,2569.43,2463.1004
1107,0.85,Month-to-Month,3022,67.288,0.05,3.3644,40.3728,2568.7,2528.3271999999997
1108,0.87,Month-to-Month,2946,84.24,0.1,8.424,101.088,2563.02,2461.932
1109,0.86,Month-to-Month,2969,72.748,0.1,7.274800000000001,87.29760000000002,2553.34,2466.0424000000003
1110,0.89,Month-to-Month,2856,83.772,0.1,8.3772,100.5264,2541.84,2441.3136
1111,0.94,Month-to-Month,2704,95.524,0.1,9.5524,114.62880000000001,2541.7599999999998,2427.1312
1112,0.88,Month-to-Month,2887,47.216,0.1,4.7216000000000005,56.659200000000006,2540.56,2483.9008
1113,0.98,Month-to-Month,2591,97.604,0.15,14.6406,175.6872,2539.18,2363.4928
1114,0.93,Month-to-Month,2729,83.72,0.1,8.372,100.464,2537.9700000000003,2437.5060000000003
1115,0.99,Month-to-Month,2561,101.972,0.15,15.295799999999998,183.54959999999997,2535.39,2351.8404
1116,0.96,Month-to-Month,2641,94.432,0.15,14.1648,169.9776,2535.36,2365.3824
1117,0.82,Month-to-Month,3080,83.824,0.05,4.1912,50.2944,2525.6,2475.3055999999997
1118,0.87,Month-to-Month,2902,85.644,0.1,8.564400000000001,102.77280000000002,2524.74,2421.9671999999996
1119,0.78,Month-to-Month,3236,19.3,0.05,0.9650000000000001,11.580000000000002,2524.08,2512.5
1120,0.96,Month-to-Month,2627,88.192,0.15,13.228799999999998,158.74559999999997,2521.92,2363.1744
1121,0.86,Month-to-Month,2927,31.98,0.1,3.1980000000000004,38.376000000000005,2517.22,2478.8439999999996
1122,0.97,Month-to-Month,2591,77.948,0.15,11.692199999999998,140.30639999999997,2513.27,2372.9636
1123,0.88,Month-to-Month,2850,75.556,0.1,7.5556,90.66720000000001,2508.0,2417.3328
1124,0.91,Month-to-Month,2755,55.536,0.1,5.5536,66.64320000000001,2507.05,2440.4068
1125,0.89,Month-to-Month,2810,96.2,0.1,9.620000000000001,115.44000000000001,2500.9,2385.46
1126,0.87,Month-to-Month,2874,73.684,0.1,7.3684,88.4208,2500.38,2411.9592000000002
1127,0.8,Month-to-Month,3123,92.716,0.05,4.6358,55.629599999999996,2498.4,2442.7704
1128,0.82,Month-to-Month,3043,58.916,0.05,2.9458,35.3496,2495.2599999999998,2459.9103999999998
1129,0.84,Month-to-Month,2960,93.392,0.05,4.6696,56.0352,2486.4,2430.3648000000003
1130,0.88,Month-to-Month,2825,72.956,0.1,7.2956,87.5472,2486.0,2398.4528
1131,0.88,Month-to-Month,2825,98.176,0.1,9.8176,117.81120000000001,2486.0,2368.1888
1132,0.93,Month-to-Month,2666,97.864,0.1,9.7864,117.4368,2479.38,2361.9432
1133,0.83,Month-to-Month,2984,50.648,0.05,2.5324000000000004,30.388800000000003,2476.72,2446.3311999999996
1134,0.83,Month-to-Month,2982,99.06,0.05,4.953,59.43600000000001,2475.06,2415.624
1135,0.9,Month-to-Month,2750,105.196,0.1,10.5196,126.2352,2475.0,2348.7648
1136,0.93,Month-to-Month,2659,87.984,0.1,8.798399999999999,105.58079999999998,2472.8700000000003,2367.2892
1137,0.97,Month-to-Month,2548,77.896,0.15,11.6844,140.21280000000002,2471.56,2331.3472
1138,0.91,Month-to-Month,2715,110.136,0.1,11.0136,132.16320000000002,2470.65,2338.4868
1139,0.99,Month-to-Month,2491,73.216,0.15,10.982399999999998,131.78879999999998,2466.09,2334.3012000000003
1140,0.9,Month-to-Month,2740,46.904,0.1,4.6904,56.284800000000004,2466.0,2409.7152
1141,0.89,Month-to-Month,2767,71.864,0.1,7.186400000000001,86.23680000000002,2462.63,2376.3932
1142,0.76,Month-to-Month,3238,45.708,0.05,2.2854,27.4248,2460.88,2433.4552000000003
1143,0.98,Month-to-Month,2502,83.46,0.15,12.518999999999998,150.22799999999998,2451.96,2301.732
1144,0.77,One Year,3180,99.06,0.05,4.953,59.43600000000001,2448.6,2389.1639999999998
1145,0.79,One Year,3099,45.5,0.05,2.275,27.299999999999997,2448.21,2420.91
1146,0.93,Month-to-Month,2632,97.76,0.1,9.776000000000002,117.31200000000001,2447.76,2330.4480000000003
1147,0.82,Month-to-Month,2984,108.94,0.05,5.447,65.364,2446.8799999999997,2381.5159999999996
1148,0.94,Month-to-Month,2600,47.476,0.1,4.7476,56.9712,2444.0,2387.0288
1149,0.92,Month-to-Month,2649,36.4,0.1,3.64,43.68,2437.08,2393.4
1150,0.86,Month-to-Month,2832,98.696,0.1,9.8696,118.43520000000001,2435.52,2317.0848
1151,0.83,Month-to-Month,2933,100.152,0.05,5.0076,60.0912,2434.39,2374.2988
1152,0.9,Month-to-Month,2699,72.852,0.1,7.285200000000001,87.42240000000001,2429.1,2341.6776
1153,0.92,Month-to-Month,2637,71.968,0.1,7.1968000000000005,86.36160000000001,2426.04,2339.6784
1154,0.92,Month-to-Month,2632,46.696,0.1,4.6696,56.0352,2421.44,2365.4048000000003
1155,0.84,Month-to-Month,2881,68.068,0.05,3.4034,40.8408,2420.04,2379.1992
1156,0.89,Month-to-Month,2718,93.08,0.1,9.308,111.696,2419.02,2307.324
1157,0.98,Month-to-Month,2467,87.984,0.15,13.1976,158.3712,2417.66,2259.2888
1158,0.84,Month-to-Month,2876,52.676,0.05,2.6338000000000004,31.605600000000003,2415.8399999999997,2384.2344
1159,0.88,Month-to-Month,2744,104.26,0.1,10.426000000000002,125.11200000000002,2414.72,2289.6079999999997
1160,0.82,Month-to-Month,2943,83.252,0.05,4.1626,49.9512,2413.2599999999998,2363.3088
1161,0.95,Month-to-Month,2540,94.224,0.1,9.422400000000001,113.06880000000001,2413.0,2299.9312
1162,0.87,Month-to-Month,2771,56.108,0.1,5.6108,67.3296,2410.77,2343.4404
1163,0.91,Month-to-Month,2644,46.852,0.1,4.6852,56.2224,2406.04,2349.8176
1164,0.76,Month-to-Month,3162,24.05,0.05,1.2025000000000001,14.430000000000001,2403.12,2388.69
1165,0.81,Month-to-Month,2961,84.084,0.05,4.2042,50.4504,2398.4100000000003,2347.9596
1166,0.93,Month-to-Month,2578,97.032,0.1,9.7032,116.4384,2397.54,2281.1016
1167,0.83,Month-to-Month,2885,87.62,0.05,4.381,52.572,2394.5499999999997,2341.9779999999996
1168,0.96,Month-to-Month,2494,111.176,0.15,16.6764,200.1168,2394.24,2194.1232
1169,0.92,Month-to-Month,2596,86.372,0.1,8.6372,103.6464,2388.32,2284.6736
1170,0.99,Month-to-Month,2412,72.384,0.15,10.8576,130.2912,2387.88,2257.5888
1171,0.88,Month-to-Month,2712,88.712,0.1,8.8712,106.45439999999999,2386.56,2280.1056
1172,0.91,Month-to-Month,2614,56.94,0.1,5.694,68.328,2378.7400000000002,2310.4120000000003
1173,0.9,Month-to-Month,2643,36.504,0.1,3.6504,43.8048,2378.7000000000003,2334.8952000000004
1174,0.82,Month-to-Month,2899,72.904,0.05,3.6452,43.7424,2377.18,2333.4375999999997
1175,0.76,Month-to-Month,3125,41.6,0.05,2.08,24.96,2375.0,2350.04
1176,0.81,Month-to-Month,2928,72.8,0.05,3.64,43.68,2371.6800000000003,2328.0000000000005
1177,0.97,Month-to-Month,2445,88.764,0.15,13.314599999999999,159.77519999999998,2371.65,2211.8748
1178,0.77,Month-to-Month,3080,50.908,0.05,2.5454000000000003,30.544800000000002,2371.6,2341.0552
1179,0.85,Month-to-Month,2785,78.364,0.05,3.9182000000000006,47.01840000000001,2367.25,2320.2316
1180,0.93,Month-to-Month,2545,90.532,0.1,9.0532,108.6384,2366.85,2258.2116
1181,0.83,Month-to-Month,2850,89.232,0.05,4.4616,53.539199999999994,2365.5,2311.9608
1182,0.76,Month-to-Month,3099,100.984,0.05,5.0492,60.5904,2355.2400000000002,2294.6496
1183,0.91,Month-to-Month,2583,87.204,0.1,8.7204,104.6448,2350.53,2245.8852
1184,0.95,Month-to-Month,2473,76.804,0.1,7.680400000000001,92.16480000000001,2349.35,2257.1852
1185,0.84,Month-to-Month,2793,79.56,0.05,3.978,47.736000000000004,2346.12,2298.384
1186,0.79,Month-to-Month,2966,103.064,0.05,5.1532,61.8384,2343.1400000000003,2281.3016000000002
1187,0.82,Month-to-Month,2857,49.036,0.05,2.4518000000000004,29.421600000000005,2342.74,2313.3183999999997
1188,0.97,Month-to-Month,2414,88.66,0.15,13.299,159.588,2341.58,2181.9919999999997
1189,0.91,Month-to-Month,2573,31.148,0.1,3.1148000000000002,37.3776,2341.4300000000003,2304.0524000000005
1190,0.94,Month-to-Month,2485,72.8,0.1,7.28,87.36,2335.9,2248.54
1191,0.79,Month-to-Month,2954,102.232,0.05,5.1116,61.339200000000005,2333.6600000000003,2272.3208000000004
1192,0.84,Month-to-Month,2777,105.768,0.05,5.2884,63.460800000000006,2332.68,2269.2192
1193,0.91,Month-to-Month,2560,76.856,0.1,7.6856,92.2272,2329.6,2237.3728
1194,0.95,Month-to-Month,2448,82.576,0.1,8.2576,99.0912,2325.6,2226.5088
1195,1.0,Month-to-Month,2323,72.436,0.15,10.865400000000001,130.3848,2323.0,2192.6152
1196,0.77,Month-to-Month,3016,57.044,0.05,2.8522,34.2264,2322.32,2288.0936
1197,0.82,Month-to-Month,2832,108.68,0.05,5.434000000000001,65.20800000000001,2322.24,2257.0319999999997
1198,0.77,Month-to-Month,3014,97.604,0.05,4.8802,58.562400000000004,2320.78,2262.2176000000004
1199,0.76,One Year,3051,56.108,0.05,2.8054,33.6648,2318.76,2285.0952
1200,0.9,Month-to-Month,2571,84.708,0.1,8.4708,101.6496,2313.9,2212.2504
1201,0.83,Month-to-Month,2783,20.25,0.05,1.0125,12.149999999999999,2309.89,2297.74
1202,0.76,Month-to-Month,3032,60.84,0.05,3.0420000000000003,36.504000000000005,2304.32,2267.8160000000003
1203,0.89,Month-to-Month,2578,94.432,0.1,9.443200000000001,113.31840000000001,2294.42,2181.1016
1204,0.95,Month-to-Month,2414,98.956,0.1,9.895600000000002,118.74720000000002,2293.2999999999997,2174.5527999999995
1205,0.86,Month-to-Month,2662,73.996,0.1,7.3995999999999995,88.7952,2289.32,2200.5248
1206,0.95,Month-to-Month,2407,77.376,0.1,7.7376000000000005,92.8512,2286.65,2193.7988
1207,0.87,Month-to-Month,2627,94.172,0.1,9.4172,113.00639999999999,2285.49,2172.4835999999996
1208,0.9,Month-to-Month,2538,103.688,0.1,10.3688,124.4256,2284.2000000000003,2159.7744000000002
1209,0.91,Month-to-Month,2508,90.064,0.1,9.0064,108.07679999999999,2282.28,2174.2032000000004
1210,0.96,Month-to-Month,2377,78.52,0.15,11.777999999999999,141.33599999999998,2281.92,2140.5840000000003
1211,0.89,Month-to-Month,2563,34.996,0.1,3.4996000000000005,41.995200000000004,2281.07,2239.0748000000003
1212,0.87,Month-to-Month,2619,74.204,0.1,7.4204,89.0448,2278.53,2189.4852
1213,0.8,Month-to-Month,2843,19.6,0.05,0.9800000000000001,11.760000000000002,2274.4,2262.64
1214,0.89,Month-to-Month,2554,83.044,0.1,8.3044,99.65279999999998,2273.06,2173.4072
1215,0.9,Month-to-Month,2518,82.68,0.1,8.268,99.21600000000001,2266.2000000000003,2166.9840000000004
1216,0.8,Month-to-Month,2827,98.02,0.05,4.901,58.812,2261.6,2202.788
1217,0.92,Month-to-Month,2457,72.904,0.1,7.2904,87.4848,2260.44,2172.9552
1218,0.94,Month-to-Month,2404,72.176,0.1,7.217600000000001,86.61120000000001,2259.7599999999998,2173.1488
1219,0.9,Month-to-Month,2510,77.896,0.1,7.7896,93.4752,2259.0,2165.5248
1220,0.92,Month-to-Month,2455,88.712,0.1,8.8712,106.45439999999999,2258.6,2152.1456
1221,0.79,Month-to-Month,2851,99.736,0.05,4.986800000000001,59.84160000000001,2252.29,2192.4483999999998
1222,0.79,Month-to-Month,2850,84.968,0.05,4.2484,50.9808,2251.5,2200.5192
1223,0.84,Month-to-Month,2679,76.544,0.05,3.8272,45.9264,2250.36,2204.4336000000003
1224,0.83,Month-to-Month,2708,93.6,0.05,4.68,56.16,2247.64,2191.48
1225,0.99,Month-to-Month,2264,88.712,0.15,13.3068,159.6816,2241.36,2081.6784000000002
1226,0.92,Month-to-Month,2436,105.04,0.1,10.504000000000001,126.04800000000002,2241.12,2115.0719999999997
1227,0.94,Month-to-Month,2384,83.408,0.1,8.3408,100.08959999999999,2240.96,2140.8704000000002
1228,0.94,Month-to-Month,2377,74.516,0.1,7.451600000000001,89.41920000000002,2234.3799999999997,2144.9608
1229,0.76,Month-to-Month,2939,97.968,0.05,4.8984000000000005,58.780800000000006,2233.64,2174.8592
1230,0.91,Month-to-Month,2454,72.488,0.1,7.2488,86.9856,2233.14,2146.1544
1231,0.87,Month-to-Month,2565,76.544,0.1,7.6544,91.8528,2231.55,2139.6972
1232,0.78,Month-to-Month,2860,69.004,0.05,3.4502000000000006,41.40240000000001,2230.8,2189.3976000000002
1233,0.94,Month-to-Month,2373,94.224,0.1,9.422400000000001,113.06880000000001,2230.62,2117.5512
1234,0.86,Month-to-Month,2587,78.0,0.1,7.800000000000001,93.60000000000001,2224.82,2131.2200000000003
1235,0.82,Month-to-Month,2709,102.024,0.05,5.1012,61.214400000000005,2221.3799999999997,2160.1656
1236,0.9,Month-to-Month,2468,93.548,0.1,9.354800000000001,112.25760000000001,2221.2000000000003,2108.9424000000004
1237,0.87,Month-to-Month,2548,36.66,0.1,3.666,43.992,2216.7599999999998,2172.7679999999996
1238,0.86,Month-to-Month,2577,99.892,0.1,9.9892,119.8704,2216.22,2096.3496
1239,0.8,Month-to-Month,2767,73.008,0.05,3.6504,43.8048,2213.6,2169.7952
1240,0.86,Month-to-Month,2570,101.868,0.1,10.1868,122.2416,2210.2,2087.9584
1241,0.95,Month-to-Month,2326,55.692,0.1,5.5692,66.8304,2209.7,2142.8696
1242,0.79,Month-to-Month,2792,98.176,0.05,4.9088,58.90560000000001,2205.6800000000003,2146.7744000000002
1243,0.8,Month-to-Month,2752,88.764,0.05,4.4382,53.2584,2201.6,2148.3415999999997
1244,0.95,Month-to-Month,2314,42.796,0.1,4.2796,51.3552,2198.2999999999997,2146.9447999999998
1245,0.97,Month-to-Month,2266,94.744,0.15,14.211599999999999,170.5392,2198.02,2027.4808
1246,0.9,Month-to-Month,2437,45.396,0.1,4.5396,54.4752,2193.3,2138.8248000000003
1247,0.94,Month-to-Month,2330,89.076,0.1,8.9076,106.8912,2190.2,2083.3088
1248,0.91,Month-to-Month,2405,82.628,0.1,8.2628,99.15360000000001,2188.55,2089.3964
1249,0.87,Month-to-Month,2514,87.672,0.1,8.7672,105.2064,2187.18,2081.9736
1250,0.84,Month-to-Month,2601,40.612,0.05,2.0306,24.367200000000004,2184.84,2160.4728
1251,0.77,Month-to-Month,2833,112.476,0.05,5.6238,67.4856,2181.41,2113.9244
1252,0.94,Month-to-Month,2318,72.8,0.1,7.28,87.36,2178.92,2091.56
1253,0.95,Month-to-Month,2291,79.56,0.1,7.956,95.47200000000001,2176.45,2080.9779999999996
1254,0.8,Month-to-Month,2712,99.892,0.05,4.9946,59.9352,2169.6,2109.6648
1255,0.84,Month-to-Month,2576,105.352,0.05,5.267600000000001,63.211200000000005,2163.84,2100.6288
1256,0.9,Month-to-Month,2404,87.1,0.1,8.709999999999999,104.51999999999998,2163.6,2059.08
1257,0.89,Month-to-Month,2431,89.388,0.1,8.9388,107.2656,2163.59,2056.3244
1258,0.84,Month-to-Month,2573,57.772,0.05,2.8886000000000003,34.6632,2161.3199999999997,2126.6567999999997
1259,0.8,Month-to-Month,2701,73.528,0.05,3.6764000000000006,44.116800000000005,2160.8,2116.6832000000004
1260,0.94,Month-to-Month,2293,47.112,0.1,4.711200000000001,56.534400000000005,2155.42,2098.8856
1261,0.77,Month-to-Month,2796,26.104,0.05,1.3052000000000001,15.662400000000002,2152.92,2137.2576
1262,0.98,Month-to-Month,2194,94.692,0.15,14.2038,170.44559999999998,2150.12,1979.6743999999999
1263,0.96,Month-to-Month,2230,98.852,0.15,14.8278,177.9336,2140.7999999999997,1962.8663999999997
1264,0.85,Month-to-Month,2516,86.476,0.05,4.3238,51.885600000000004,2138.6,2086.7144
1265,0.77,Month-to-Month,2777,81.432,0.05,4.0716,48.8592,2138.29,2089.4308
1266,0.95,Month-to-Month,2246,99.996,0.1,9.999600000000001,119.99520000000001,2133.7,2013.7047999999998
1267,0.84,Month-to-Month,2539,58.396,0.05,2.9198000000000004,35.037600000000005,2132.7599999999998,2097.7223999999997
1268,0.85,Month-to-Month,2505,107.12,0.05,5.356000000000001,64.272,2129.25,2064.978
1269,0.91,Month-to-Month,2335,84.24,0.1,8.424,101.088,2124.85,2023.762
1270,0.97,Month-to-Month,2189,73.476,0.15,11.0214,132.2568,2123.33,1991.0731999999998
1271,0.87,Month-to-Month,2431,52.676,0.1,5.267600000000001,63.211200000000005,2114.97,2051.7587999999996
1272,0.96,Month-to-Month,2202,93.288,0.15,13.9932,167.9184,2113.92,1946.0016
1273,0.92,Month-to-Month,2295,47.528,0.1,4.7528,57.03359999999999,2111.4,2054.3664
1274,0.87,Month-to-Month,2421,103.376,0.1,10.337600000000002,124.05120000000002,2106.27,1982.2187999999999
1275,0.98,Month-to-Month,2146,73.372,0.15,11.005799999999999,132.06959999999998,2103.08,1971.0104
1276,0.89,Month-to-Month,2356,72.54,0.1,7.254000000000001,87.04800000000002,2096.84,2009.7920000000001
1277,0.79,Month-to-Month,2650,104.208,0.05,5.2104,62.5248,2093.5,2030.9752
1278,0.78,One Year,2681,62.764,0.05,3.1382000000000003,37.6584,2091.1800000000003,2053.5216000000005
1279,0.93,Month-to-Month,2248,73.58,0.1,7.3580000000000005,88.296,2090.6400000000003,2002.3440000000003
1280,0.96,Month-to-Month,2176,78.312,0.15,11.746799999999999,140.96159999999998,2088.96,1947.9984
1281,0.9,Month-to-Month,2320,72.592,0.1,7.2592,87.1104,2088.0,2000.8896
1282,0.85,Month-to-Month,2455,88.296,0.05,4.4148000000000005,52.97760000000001,2086.75,2033.7724
1283,0.82,Month-to-Month,2544,92.976,0.05,4.6488000000000005,55.7856,2086.08,2030.2944
1284,0.91,Month-to-Month,2292,109.044,0.1,10.9044,130.8528,2085.7200000000003,1954.8672000000001
1285,0.89,Month-to-Month,2341,109.2,0.1,10.920000000000002,131.04000000000002,2083.4900000000002,1952.4500000000003
1286,0.98,Month-to-Month,2122,77.896,0.15,11.6844,140.21280000000002,2079.56,1939.3472
1287,0.86,Month-to-Month,2418,72.436,0.1,7.243600000000001,86.92320000000001,2079.48,1992.5568
1288,0.95,Month-to-Month,2187,89.128,0.1,8.9128,106.95360000000001,2077.65,1970.6964
1289,0.93,Month-to-Month,2229,104.78,0.1,10.478000000000002,125.73600000000002,2072.9700000000003,1947.2340000000002
1290,0.77,Month-to-Month,2688,57.564,0.05,2.8782,34.5384,2069.76,2035.2216000000003
1291,0.91,Month-to-Month,2270,78.156,0.1,7.815600000000001,93.78720000000001,2065.7000000000003,1971.9128000000003
1292,0.96,Month-to-Month,2151,72.384,0.15,10.8576,130.2912,2064.96,1934.6688
1293,0.83,Month-to-Month,2483,82.524,0.05,4.1262,49.514399999999995,2060.89,2011.3755999999998
1294,0.86,Month-to-Month,2394,77.428,0.1,7.7428,92.9136,2058.84,1965.9264
1295,0.92,Month-to-Month,2233,98.228,0.1,9.8228,117.87360000000001,2054.36,1936.4864000000002
1296,0.96,Month-to-Month,2139,81.588,0.15,12.238199999999999,146.8584,2053.44,1906.5816
1297,0.88,Month-to-Month,2325,78.416,0.1,7.8416,94.0992,2046.0,1951.9008
1298,0.92,Month-to-Month,2220,78.364,0.1,7.836400000000001,94.03680000000001,2042.4,1948.3632
1299,0.89,Month-to-Month,2294,57.616,0.1,5.7616000000000005,69.1392,2041.66,1972.5208
1300,0.93,Month-to-Month,2195,104.26,0.1,10.426000000000002,125.11200000000002,2041.3500000000001,1916.238
1301,0.97,Month-to-Month,2104,108.42,0.15,16.262999999999998,195.15599999999998,2040.8799999999999,1845.724
1302,0.86,Month-to-Month,2371,94.952,0.1,9.4952,113.9424,2039.06,1925.1176
1303,0.79,Month-to-Month,2570,46.124,0.05,2.3062,27.6744,2030.3000000000002,2002.6256
1304,0.98,Month-to-Month,2066,82.888,0.15,12.433200000000001,149.19840000000002,2024.68,1875.4816
1305,0.92,Month-to-Month,2199,82.784,0.1,8.278400000000001,99.34080000000002,2023.0800000000002,1923.7392000000002
1306,0.89,Month-to-Month,2265,110.396,0.1,11.0396,132.4752,2015.8500000000001,1883.3748
1307,0.85,Month-to-Month,2363,107.484,0.05,5.3742,64.4904,2008.55,1944.0596
1308,0.81,One Year,2473,106.444,0.05,5.3222000000000005,63.866400000000006,2003.13,1939.2636
1309,0.78,Month-to-Month,2558,91.052,0.05,4.552600000000001,54.63120000000001,1995.24,1940.6088
1310,0.97,Month-to-Month,2055,105.144,0.15,15.7716,189.2592,1993.35,1804.0908
1311,0.93,Month-to-Month,2140,80.964,0.1,8.096400000000001,97.1568,1990.2,1893.0432
1312,0.8,Month-to-Month,2484,87.984,0.05,4.3991999999999996,52.79039999999999,1987.2,1934.4096
1313,0.97,Month-to-Month,2044,77.948,0.15,11.692199999999998,140.30639999999997,1982.6799999999998,1842.3736
1314,0.93,Month-to-Month,2123,72.592,0.1,7.2592,87.1104,1974.39,1887.2796
1315,0.78,Month-to-Month,2529,35.256,0.05,1.7628000000000001,21.1536,1972.6200000000001,1951.4664
1316,0.91,Month-to-Month,2167,50.284,0.1,5.0284,60.3408,1971.97,1911.6292
1317,0.79,Month-to-Month,2487,103.22,0.05,5.1610000000000005,61.932,1964.73,1902.798
1318,0.96,Month-to-Month,2046,83.2,0.15,12.48,149.76,1964.1599999999999,1814.3999999999999
1319,0.81,Month-to-Month,2420,91.832,0.05,4.5916,55.099199999999996,1960.2,1905.1008000000002
1320,0.85,Month-to-Month,2301,36.868,0.05,1.8434000000000001,22.120800000000003,1955.85,1933.7292
1321,0.9,Month-to-Month,2168,47.216,0.1,4.7216000000000005,56.659200000000006,1951.2,1894.5408
1322,0.83,Month-to-Month,2349,107.432,0.05,5.371600000000001,64.45920000000001,1949.6699999999998,1885.2107999999998
1323,0.84,Month-to-Month,2312,94.432,0.05,4.7216000000000005,56.659200000000006,1942.08,1885.4207999999999
1324,0.93,Month-to-Month,2088,26.26,0.1,2.6260000000000003,31.512000000000004,1941.8400000000001,1910.3280000000002
1325,0.95,Month-to-Month,2038,82.108,0.1,8.2108,98.52960000000002,1936.1,1837.5703999999998
1326,0.92,Month-to-Month,2101,78.936,0.1,7.893600000000001,94.72320000000002,1932.92,1838.1968000000002
1327,0.93,Month-to-Month,2078,77.896,0.1,7.7896,93.4752,1932.5400000000002,1839.0648
1328,0.94,Month-to-Month,2054,77.376,0.1,7.7376000000000005,92.8512,1930.76,1837.9088
1329,0.93,Month-to-Month,2075,77.948,0.1,7.7947999999999995,93.5376,1929.75,1836.2124
1330,0.85,Month-to-Month,2268,103.792,0.05,5.1896,62.275200000000005,1927.8,1865.5248
1331,0.86,Month-to-Month,2236,73.84,0.1,7.384,88.608,1922.96,1834.352
1332,0.89,Month-to-Month,2152,87.88,0.1,8.788,105.456,1915.28,1809.824
1333,0.89,Month-to-Month,2152,58.396,0.1,5.839600000000001,70.07520000000001,1915.28,1845.2048
1334,0.86,Month-to-Month,2226,92.976,0.1,9.297600000000001,111.5712,1914.36,1802.7887999999998
1335,0.95,Month-to-Month,2015,88.192,0.1,8.8192,105.8304,1914.25,1808.4196
1336,0.91,Month-to-Month,2100,72.696,0.1,7.2696000000000005,87.2352,1911.0,1823.7648
1337,0.92,Month-to-Month,2075,99.06,0.1,9.906,118.87200000000001,1909.0,1790.128
1338,0.92,Month-to-Month,2072,72.384,0.1,7.2384,86.86080000000001,1906.24,1819.3792
1339,0.81,Month-to-Month,2353,52.624,0.05,2.6312,31.574400000000004,1905.93,1874.3556
1340,0.91,Month-to-Month,2091,77.376,0.1,7.7376000000000005,92.8512,1902.8100000000002,1809.9588
1341,0.79,Month-to-Month,2406,110.968,0.05,5.548400000000001,66.58080000000001,1900.74,1834.1592
1342,0.87,Month-to-Month,2177,89.544,0.1,8.9544,107.4528,1893.99,1786.5372
1343,0.94,Month-to-Month,2014,88.14,0.1,8.814,105.768,1893.1599999999999,1787.3919999999998
1344,0.84,Month-to-Month,2251,76.804,0.05,3.8402000000000003,46.08240000000001,1890.84,1844.7576
1345,0.76,Month-to-Month,2484,19.5,0.05,0.9750000000000001,11.700000000000001,1887.84,1876.1399999999999
1346,0.89,Month-to-Month,2120,97.76,0.1,9.776000000000002,117.31200000000001,1886.8,1769.4879999999998
1347,0.83,Month-to-Month,2269,51.844,0.05,2.5922,31.1064,1883.27,1852.1636
1348,0.91,Month-to-Month,2065,93.08,0.1,9.308,111.696,1879.15,1767.4540000000002
1349,0.78,One Year,2403,114.4,0.05,5.720000000000001,68.64000000000001,1874.3400000000001,1805.7
1350,0.81,One Year,2313,88.764,0.05,4.4382,53.2584,1873.5300000000002,1820.2716000000003
1351,0.87,Month-to-Month,2151,99.736,0.1,9.973600000000001,119.68320000000001,1871.37,1751.6868
1352,0.88,Month-to-Month,2122,109.304,0.1,10.9304,131.1648,1867.36,1736.1951999999999
1353,0.81,Month-to-Month,2299,70.46,0.05,3.5229999999999997,42.275999999999996,1862.19,1819.914
1354,0.76,Month-to-Month,2450,47.164,0.05,2.3582,28.2984,1862.0,1833.7016
1355,0.8,Month-to-Month,2322,77.116,0.05,3.8558000000000003,46.269600000000004,1857.6000000000001,1811.3304
1356,0.89,Month-to-Month,2076,77.272,0.1,7.727200000000001,92.72640000000001,1847.64,1754.9136
1357,0.88,One Year,2098,106.704,0.1,10.6704,128.0448,1846.24,1718.1952
1358,0.76,Month-to-Month,2426,52.468,0.05,2.6234,31.480800000000002,1843.76,1812.2792
1359,0.92,Month-to-Month,2003,60.944,0.1,6.0944,73.1328,1842.76,1769.6272
1360,0.83,Month-to-Month,2220,57.2,0.05,2.8600000000000003,34.32000000000001,1842.6,1808.28
1361,0.78,One Year,2362,19.85,0.05,0.9925000000000002,11.910000000000002,1842.3600000000001,1830.45
1362,0.9,Month-to-Month,2031,103.792,0.1,10.3792,124.55040000000001,1827.9,1703.3496
1363,0.79,Month-to-Month,2313,103.428,0.05,5.1714,62.0568,1827.27,1765.2132
1364,0.77,One Year,2371,108.888,0.05,5.444400000000001,65.3328,1825.67,1760.3372000000002
1365,0.88,Month-to-Month,2074,103.012,0.1,10.301200000000001,123.61440000000002,1825.1200000000001,1701.5056000000002
1366,0.85,Month-to-Month,2140,95.316,0.05,4.7658000000000005,57.189600000000006,1819.0,1761.8104
1367,0.84,Month-to-Month,2162,73.112,0.05,3.6555999999999997,43.8672,1816.08,1772.2128
1368,0.83,Month-to-Month,2180,53.3,0.05,2.665,31.98,1809.3999999999999,1777.4199999999998
1369,0.82,Month-to-Month,2195,61.36,0.05,3.068,36.816,1799.8999999999999,1763.0839999999998
1370,0.8,Month-to-Month,2240,49.868,0.05,2.4934000000000003,29.920800000000003,1792.0,1762.0792
1371,0.85,Month-to-Month,2087,53.612,0.05,2.6806,32.1672,1773.95,1741.7828
1372,0.85,Month-to-Month,2080,99.268,0.05,4.9634,59.5608,1768.0,1708.4392
1373,0.77,Month-to-Month,2296,40.872,0.05,2.0436,24.523200000000003,1767.92,1743.3968
1374,0.81,Month-to-Month,2176,83.98,0.05,4.199000000000001,50.388000000000005,1762.5600000000002,1712.1720000000003
1375,0.84,Month-to-Month,2097,88.4,0.05,4.420000000000001,53.040000000000006,1761.48,1708.44
1376,0.86,One Year,2041,75.92,0.1,7.5920000000000005,91.10400000000001,1755.26,1664.156
1377,0.84,Month-to-Month,2087,46.54,0.05,2.327,27.924,1753.08,1725.156
1378,0.87,Month-to-Month,2003,106.34,0.1,10.634,127.608,1742.61,1615.002
1379,0.82,Month-to-Month,2115,78.624,0.05,3.9312,47.1744,1734.3,1687.1255999999998
1380,0.83,Month-to-Month,2077,52.52,0.05,2.6260000000000003,31.512000000000004,1723.9099999999999,1692.398
1381,0.81,Month-to-Month,2119,82.836,0.05,4.1418,49.7016,1716.39,1666.6884
1382,0.78,Month-to-Month,2196,84.6,0.05,4.2299999999999995,50.75999999999999,1712.88,1662.1200000000001
1383,0.77,Month-to-Month,2206,98.488,0.05,4.9244,59.092800000000004,1698.6200000000001,1639.5272000000002
1384,0.8,One Year,2071,83.512,0.05,4.1756,50.107200000000006,1656.8000000000002,1606.6928000000003
1385,0.81,Month-to-Month,2038,25.22,0.05,1.2610000000000001,15.132000000000001,1650.7800000000002,1635.6480000000001
1386,0.81,Month-to-Month,2036,89.96,0.05,4.498,53.976,1649.16,1595.1840000000002
1387,0.79,Month-to-Month,2085,82.16,0.05,4.108,49.29599999999999,1647.15,1597.854
1388,0.81,Month-to-Month,2007,72.904,0.05,3.6452,43.7424,1625.67,1581.9276
1389,0.79,Month-to-Month,2031,93.496,0.05,4.6748,56.0976,1604.49,1548.3924
1390,0.77,Month-to-Month,2067,36.816,0.05,1.8408000000000002,22.089600000000004,1591.5900000000001,1569.5004000000001
1391,0.79,Month-to-Month,2008,104.364,0.05,5.2182,62.61840000000001,1586.3200000000002,1523.7016
